codigo_estacao;data;hora;temp_inst;temp_max;temp_min;umid_inst;umid_max;umid_min;pto_orvalho_inst;pto_orvalho_max;pto_orvalho_min;pressao;pressao_max;pressao_min;vento_direcao;vento_vel; vento_rajada;radiacao;precipitacao
A753;01/07/2019;02;14,6;15,6;14,5;87;87;83;12,3;12,9;12,1;948,1;948,3;948,1;;;;-3,54;0,0
A753;01/07/2019;00;16,4;17,5;16,3;82;82;79;13,4;13,9;13,1;947,7;947,8;947,2;;;;-3,54;0,0
A753;01/07/2019;01;15,5;16,6;15,5;84;84;80;12,9;13,5;12,5;948,1;948,1;947,7;;;;-3,54;0,0
A753;01/07/2019;23;16,3;19,8;16,3;74;77;65;11,7;13,6;11,7;945,5;945,6;945,3;1,4;175;2,8;-3,54;0,0
A753;01/07/2019;22;19,8;21,7;19,6;65;65;59;13,1;13,6;12,7;945,5;945,5;945,3;0,9;50;2,0;-3,54;0,0
A753;01/07/2019;21;21,7;26,9;21,7;59;59;39;13,3;13,3;12,0;945,4;945,4;945,1;0,6;176;2,2;80,27;0,0
A753;01/07/2019;20;26,9;29,5;26,9;39;39;28;11,9;11,9;8,7;945,1;945,1;945,0;1,4;224;4,8;644,5;0,2
A753;01/07/2019;19;29,2;29,6;28,9;29;31;28;9,3;10,4;8,8;945,1;945,4;945,0;2,2;292;;1242,;1,2
A753;01/07/2019;18;29,2;29,5;28,6;30;32;29;10,0;10,7;9,4;945,4;946,1;945,4;;;;1725,;0,0
A753;01/07/2019;17;29,1;29,7;28,3;31;32;29;10,4;11,1;8,8;946,1;946,9;946,1;;;;2178,;0,0
A753;01/07/2019;16;28,5;29,3;27,6;32;34;30;10,2;11,1;9,2;946,9;948,4;946,9;;;;2323,;0,0
A753;01/07/2019;15;28,4;28,4;26,9;33;35;31;10,5;11,0;9,2;948,4;949,3;948,4;;;;2292,;0,0
A753;01/07/2019;14;27,6;27,7;25,2;34;45;33;10,2;12,6;9,7;949,3;949,8;949,3;;;;2046,;0,0
A753;01/07/2019;13;25,3;25,8;20,9;45;63;44;12,5;13,8;12,5;949,8;949,9;949,7;;;;1590,;0,0
A753;01/07/2019;12;20,9;20,9;15,5;61;83;61;13,0;14,0;12,6;949,7;949,7;948,9;;;;997,9;0,0
A753;01/07/2019;11;15,5;15,5;11,0;83;93;83;12,7;12,7;9,9;949,0;949,0;948,5;;;;276,0;0,0
A753;01/07/2019;10;11,0;11,6;11,0;92;93;91;9,9;10,2;9,7;948,5;948,5;948,1;;;;4,149;0,0
A753;01/07/2019;09;11,6;12,8;11,6;91;91;88;10,2;10,9;10,2;948,0;948,1;947,7;;;;-3,54;0,0
A753;01/07/2019;08;12,8;13,3;12,8;88;88;86;10,8;11,4;10,7;947,7;947,7;947,4;;;;-3,54;0,0
A753;01/07/2019;07;13,0;14,2;13,0;87;87;83;10,8;11,5;10,7;947,5;947,5;947,4;;;;-3,54;0,0
A753;01/07/2019;06;13,9;14,1;13,3;84;86;83;11,2;11,6;10,8;947,5;947,5;947,3;;;;-3,54;0,0
A753;01/07/2019;05;14,0;14,0;13,2;86;88;86;11,7;11,7;11,1;947,4;947,9;947,4;;;;-3,54;0,0
A753;01/07/2019;04;13,5;14,2;13,5;86;87;85;11,2;12,0;11,1;947,8;947,9;947,7;;;;-3,54;0,0
A753;01/07/2019;03;14,0;14,6;13,8;87;88;86;11,9;12,4;11,7;947,9;948,2;947,9;;;;-3,54;0,0
A753;02/07/2019;05;12,1;12,4;11,8;87;89;87;10,0;10,5;9,9;944,7;945,0;944,6;1,5;171;2,1;-3,54;0,0
A753;02/07/2019;23;17,0;18,7;17,0;75;75;68;12,5;12,9;12,2;941,4;941,4;941,0;1,0;144;1,8;-3,54;0,0
A753;02/07/2019;22;18,7;22,0;18,7;68;70;55;12,5;13,4;12,2;941,0;941,0;940,8;0,9;145;1,6;-3,54;0,0
A753;02/07/2019;21;22,0;26,8;22,0;55;55;35;12,4;12,4;10,2;940,8;940,8;940,4;0,5;184;3,1;54,10;0,0
A753;02/07/2019;20;26,8;29,2;26,8;35;35;29;10,2;10,4;8,9;940,4;940,4;940,0;2,2;261;5,0;552,2;0,0
A753;02/07/2019;19;28,9;29,4;28,7;30;31;26;9,7;10,3;7,8;940,1;940,4;940,1;1,5;301;6,8;1053,;0,0
A753;02/07/2019;18;28,9;30,0;28,8;28;30;27;8,7;10,0;8,1;940,4;941,1;940,4;2,7;309;7,6;1795,;0,0
A753;02/07/2019;17;29,4;30,0;28,7;29;32;28;9,3;10,5;9,0;941,1;942,3;941,1;2,6;309;7,6;2291,;0,0
A753;02/07/2019;16;29,1;29,1;27,9;32;35;29;10,5;11,1;9,1;942,3;943,3;942,3;3,0;307;7,9;2461,;0,0
A753;02/07/2019;15;28,1;28,4;26,6;34;40;32;10,9;11,9;9,7;943,3;943,9;943,3;2,8;323;7,5;2454,;0,0
A753;02/07/2019;14;26,7;26,9;24,8;38;46;38;11,3;12,7;11,0;943,8;944,4;943,8;2,8;318;6,1;2111,;0,0
A753;02/07/2019;13;24,8;24,9;19,8;46;68;44;12,3;13,9;11,8;944,3;944,4;944,2;2,1;334;4,6;1544,;0,0
A753;02/07/2019;12;19,8;19,8;13,4;68;85;66;13,6;13,7;10,7;944,4;944,4;944,0;0,9;141;2,6;979,6;0,0
A753;02/07/2019;11;13,4;13,5;11,1;84;89;84;10,7;11,0;9,3;944,0;944,3;943,7;1,8;183;2,5;230,4;0,0
A753;02/07/2019;10;11,2;11,6;10,5;88;91;88;9,3;9,8;8,7;944,1;944,2;943,6;1,1;176;2,2;7,933;0,0
A753;02/07/2019;09;10,7;10,9;10,3;91;92;90;9,3;9,5;8,7;943,6;943,8;943,6;1,0;191;2,0;-3,54;0,0
A753;02/07/2019;08;10,6;11,2;10,3;91;91;89;9,2;9,6;8,6;943,6;943,8;943,6;0,9;177;1,8;-3,54;0,0
A753;02/07/2019;07;11,0;12,0;10,9;90;90;87;9,4;10,0;9,1;943,6;943,8;943,6;0,9;181;2,2;-3,54;0,0
A753;02/07/2019;06;11,9;12,1;11,0;88;90;87;10,1;10,1;9,3;943,8;944,7;943,8;1,6;179;2,2;-3,54;0,0
A753;02/07/2019;04;12,2;12,9;12,0;88;89;86;10,3;10,7;10,0;945,1;945,6;945,1;1,4;180;2,1;-3,54;0,0
A753;02/07/2019;03;12,8;13,5;12,7;87;87;85;10,6;11,1;10,5;945,6;945,8;945,5;1,6;172;2,1;-3,54;0,0
A753;02/07/2019;02;13,5;14,2;13,5;85;87;84;11,0;11,7;10,8;945,8;945,9;945,8;1,2;170;2,1;-3,54;0,0
A753;02/07/2019;01;13,9;15,1;13,9;84;85;81;11,3;12,1;11,3;945,8;945,9;945,6;1,2;165;2,2;-3,54;0,0
A753;02/07/2019;00;15,1;16,3;14,9;81;82;74;11,9;12,6;11,4;945,7;945,7;945,3;1,3;151;3,2;-3,54;0,0
A753;03/07/2019;05;13,6;14,0;13,4;80;82;79;10,2;10,7;10,0;941,5;941,7;941,5;1,0;176;2,2;-3,54;0,0
A753;03/07/2019;01;15,5;16,0;15,5;78;80;77;11,7;12,4;11,7;941,7;941,7;941,3;1,2;183;2,1;-3,54;0,0
A753;03/07/2019;00;15,8;17,0;15,3;80;81;75;12,4;12,7;11,8;941,4;941,4;941,3;1,2;164;1,9;-3,54;0,0
A753;03/07/2019;04;13,4;14,1;13,3;82;83;80;10,4;10,9;10,2;941,7;942,1;941,7;1,2;168;2,1;-3,54;0,0
A753;03/07/2019;03;14,0;14,9;13,9;81;82;79;10,8;11,5;10,7;942,1;942,2;942,0;1,4;184;1,9;-3,54;0,0
A753;03/07/2019;23;17,8;19,9;17,7;70;71;61;12,3;12,8;11,8;942,0;942,0;941,4;1,0;155;1,8;-3,54;0,0
A753;03/07/2019;22;19,9;23,2;19,4;62;63;47;12,4;12,4;11,3;941,4;941,4;940,7;1,0;77;1,5;-3,54;0,0
A753;03/07/2019;21;23,2;28,0;23,2;47;47;32;11,4;11,7;9,6;940,7;940,8;940,4;0,7;255;4,3;86,18;0,0
A753;03/07/2019;20;28,0;28,9;28,0;32;32;29;9,7;9,9;8,9;940,4;940,4;940,0;1,9;310;7,1;672,9;0,0
A753;03/07/2019;19;28,8;29,5;28,6;29;31;28;9,0;10,0;8,8;940,1;940,7;940,1;3,4;302;8,6;1274,;0,0
A753;03/07/2019;18;29,1;29,9;27,9;29;33;28;9,1;11,1;9,0;940,7;941,4;940,7;3,6;261;8,7;1557,;0,0
A753;03/07/2019;17;29,4;30,0;28,0;29;33;27;9,4;10,7;8,7;941,4;942,0;941,3;4,2;271;9,5;2320,;0,0
A753;03/07/2019;16;29,1;29,7;28,0;30;34;29;9,5;11,1;8,9;942,0;943,1;942,0;3,7;261;9,1;2436,;0,0
A753;03/07/2019;14;26,7;27,4;24,2;39;44;38;11,7;12,3;10,9;944,1;944,5;944,1;2,6;297;8,1;2088,;0,0
A753;03/07/2019;15;28,2;28,9;26,4;33;41;32;10,3;12,3;10,1;943,1;944,1;943,1;4,5;261;9,1;2469,;0,0
A753;03/07/2019;13;24,2;24,6;20,0;44;65;43;11,0;13,8;10,8;944,4;944,5;944,2;3,7;302;7,1;1495,;0,0
A753;03/07/2019;12;20,0;20,2;15,3;64;82;63;13,1;14,1;12,0;944,4;944,4;943,8;0,5;120;1,7;675,2;0,0
A753;03/07/2019;11;15,3;15,3;13,1;82;87;81;12,3;12,3;10,7;943,8;943,8;942,9;0,6;189;2,6;182,4;0,0
A753;03/07/2019;10;13,1;13,1;12,3;85;86;84;10,7;10,7;9,6;942,9;942,9;942,4;0,6;161;1,9;4,265;0,0
A753;03/07/2019;09;12,5;13,3;12,4;84;84;81;9,8;10,2;9,6;942,4;942,4;941,9;1,2;178;1,9;-3,54;0,0
A753;03/07/2019;08;13,2;13,8;13,0;82;82;79;10,1;10,2;9,8;941,9;941,9;941,5;1,3;181;2,0;-3,54;0,0
A753;03/07/2019;02;14,4;15,5;14,4;80;80;78;11,1;11,9;11,0;942,2;942,2;941,7;0,9;181;1,9;-3,54;0,0
A753;03/07/2019;07;13,8;13,9;13,1;79;82;79;10,2;10,4;9,8;941,5;941,7;941,5;1,1;167;2,0;-3,54;0,0
A753;03/07/2019;06;13,3;13,8;13,2;80;81;79;10,0;10,5;9,8;941,5;941,6;941,5;1,2;177;2,0;-3,54;0,0
A753;04/07/2019;14;25,6;25,6;23,2;42;48;41;11,9;12,4;11,0;944,2;944,7;944,2;1,6;283;4,5;1724,;0,0
A753;04/07/2019;23;17,5;17,7;17,5;94;94;94;16,5;16,6;16,5;946,0;946,0;945,6;0,6;121;2,1;-1,82;0,8
A753;04/07/2019;22;17,6;17,9;17,6;94;94;92;16,6;16,7;16,5;945,6;945,7;945,4;1,1;24;1,9;-2,52;0,4
A753;04/07/2019;21;17,9;18,7;17,9;92;92;87;16,5;16,6;16,4;945,5;945,6;945,0;1,0;351;6,7;5,618;2,6
A753;04/07/2019;20;18,6;19,6;18,6;88;88;81;16,6;16,7;16,3;945,1;945,1;944,1;1,8;207;7,6;48,70;0,6
A753;04/07/2019;19;19,6;24,1;19,6;81;82;51;16,3;16,5;13,2;944,1;944,2;943,5;4,2;207;10,3;164,7;0,2
A753;04/07/2019;18;24,1;26,7;24,1;51;51;41;13,2;13,2;12,3;943,6;943,6;943,0;6,2;254;12,0;382,3;0,0
A753;04/07/2019;17;26,3;27,3;26,3;41;43;40;12,2;13,2;11,7;943,0;943,2;942,9;4,3;265;7,4;1031,;0,0
A753;04/07/2019;16;26,5;26,9;25,9;42;42;39;12,4;12,5;11,5;943,2;943,7;943,2;3,1;274;7,0;1174,;0,0
A753;04/07/2019;15;26,3;27,7;25,0;41;44;38;11,8;12,4;11,3;943,7;944,3;943,7;2,2;287;6,6;2142,;0,0
A753;04/07/2019;13;23,6;24,2;23,0;47;49;43;11,4;12,1;10,5;944,6;944,8;944,4;2,7;261;5,6;1477,;0,0
A753;04/07/2019;12;23,1;23,1;17,0;48;75;47;11,6;14,8;11,1;944,5;944,5;943,7;1,4;315;3,6;1007,;0,0
A753;04/07/2019;10;11,8;12,4;11,6;89;89;86;10,0;10,2;9,7;943,0;943,0;942,3;0,4;84;2,0;3,270;0,0
A753;04/07/2019;11;16,9;16,9;11,8;74;90;74;12,4;12,8;9,9;943,7;943,7;943,0;0,4;187;1,2;329,6;0,0
A753;04/07/2019;09;12,0;12,8;11,8;86;87;84;9,8;10,3;9,4;942,3;942,5;942,2;1,0;185;2,0;-3,54;0,0
A753;04/07/2019;08;12,6;13,3;12,6;85;85;82;10,1;10,4;10,0;942,5;942,5;942,2;0,9;163;1,7;-3,53;0,0
A753;04/07/2019;07;12,9;13,4;12,9;83;83;81;10,1;10,4;9,9;942,3;942,4;942,1;1,2;178;1,7;-3,54;0,0
A753;04/07/2019;06;13,1;14,0;13,1;82;84;80;10,1;10,9;10,1;942,3;942,5;942,3;1,3;178;1,7;-3,46;0,0
A753;04/07/2019;05;13,5;14,3;13,4;83;84;81;10,7;11,3;10,5;942,4;942,6;942,4;1,0;172;2,0;-3,54;0,0
A753;04/07/2019;04;14,0;14,8;13,9;82;82;79;11,0;11,5;10,8;942,6;942,7;942,5;1,0;174;2,1;-3,54;0,0
A753;04/07/2019;03;14,4;15,5;14,3;81;81;78;11,3;11,8;11,0;942,6;942,8;942,6;1,1;174;1,9;-3,54;0,0
A753;04/07/2019;02;15,3;16,4;15,3;79;79;76;11,7;12,0;11,4;942,7;942,8;942,7;1,2;177;1,9;-3,54;0,0
A753;04/07/2019;01;16,4;17,2;16,2;76;76;73;12,0;12,6;11,9;942,7;942,7;942,4;1,0;172;1,9;-3,54;0,0
A753;04/07/2019;00;16,9;17,8;16,7;75;75;70;12,5;12,5;12,0;942,4;942,4;942,0;1,0;157;1,6;-3,53;0,0
A753;05/07/2019;02;17,6;17,6;17,3;94;95;94;16,7;16,8;16,5;944,9;945,4;944,9;1,2;44;3,2;-0,66;0,0
A753;05/07/2019;00;17,5;17,8;17,4;94;94;93;16,5;16,8;16,4;946,0;946,0;945,7;0,4;66;1,9;-2,04;0,8
A753;05/07/2019;01;17,4;17,5;17,4;95;95;94;16,5;16,7;16,5;945,4;946,1;945,4;0,9;56;2,0;-0,84;0,8
A753;05/07/2019;23;17,8;18,3;17,8;87;87;84;15,6;15,8;15,5;948,6;948,6;948,1;3,4;211;4,9;-1,73;0,0
A753;05/07/2019;22;18,3;18,6;18,3;85;85;83;15,8;15,9;15,7;948,1;948,1;948,0;1,5;232;3,5;-2,00;0,0
A753;05/07/2019;21;18,7;19,9;18,7;83;84;79;15,8;16,4;15,8;948,0;948,0;947,2;1,8;221;3,0;63,48;0,0
A753;05/07/2019;20;19,8;20,2;19,7;81;82;80;16,5;16,7;16,3;947,2;947,3;947,0;1,6;226;6,0;145,9;0,0
A753;05/07/2019;19;20,2;21,2;20,2;80;82;76;16,7;17,2;16,4;947,1;947,2;947,0;2,3;240;9,2;238,6;0,0
A753;05/07/2019;18;21,1;22,1;20,9;78;81;75;17,1;18,2;16,8;947,0;947,1;946,9;4,3;257;9,4;1023,;0,0
A753;05/07/2019;17;21,2;21,5;20,2;78;87;78;17,2;18,3;17,2;947,0;947,5;947,0;4,1;252;7,6;860,7;0,0
A753;05/07/2019;16;20,3;20,6;19,9;85;90;85;17,8;18,6;17,8;947,4;947,5;947,4;2,9;234;7,8;630,7;0,0
A753;05/07/2019;15;19,9;19,9;18,9;90;92;90;18,2;18,4;17,6;947,5;947,7;947,5;4,5;257;8,6;330,5;0,0
A753;05/07/2019;14;19,0;19,1;18,1;92;93;91;17,6;17,8;17,0;947,7;947,7;947,4;1,1;310;6,0;465,2;0,4
A753;05/07/2019;13;18,0;18,4;17,9;93;94;92;17,0;17,1;16,7;947,7;947,8;947,3;1,5;286;4,5;224,7;2,8
A753;05/07/2019;12;17,9;18,0;17,2;94;96;94;16,9;17,3;16,6;947,6;947,6;946,3;0,8;320;1,9;110,1;0,8
A753;05/07/2019;11;17,2;17,2;16,7;96;96;96;16,6;16,6;16,0;946,3;946,5;945,7;0,7;124;1,7;71,88;0,0
A753;05/07/2019;10;16,7;16,8;16,5;96;96;96;16,0;16,2;15,9;945,7;945,8;945,0;0,5;32;1,2;1,386;0,0
A753;05/07/2019;09;16,6;16,8;16,4;96;96;96;15,9;16,1;15,7;945,0;945,0;944,3;0,3;313;1,8;-2,83;0,0
A753;05/07/2019;08;16,7;16,7;16,5;96;96;96;16,0;16,0;15,8;944,6;944,6;944,2;0,7;207;2,1;-1,98;0,0
A753;05/07/2019;07;16,7;17,0;16,7;96;96;95;16,0;16,2;16,0;944,2;944,7;944,2;0,5;159;2,0;-1,74;0,0
A753;05/07/2019;06;17,0;17,5;16,8;95;96;95;16,2;16,8;16,1;944,7;945,4;944,7;0,9;30;8,5;-1,64;0,0
A753;05/07/2019;05;17,0;17,1;16,7;96;96;95;16,2;16,2;15,9;944,7;944,7;944,4;0,7;187;2,0;-1,16;0,0
A753;05/07/2019;04;16,8;17,8;16,6;95;95;93;15,9;16,6;15,7;944,4;944,7;944,3;1,0;226;2,1;-2,35;0,0
A753;05/07/2019;03;17,7;18,0;17,6;93;94;92;16,5;16,8;16,5;944,7;945,0;944,6;1,1;110;3,4;-1,84;0,0
A753;06/07/2019;05;15,0;15,2;14,9;93;93;92;13,8;13,9;13,7;949,8;949,9;949,8;0,5;92;1,5;-2,79;0,0
A753;06/07/2019;23;8,6;9,5;8,4;80;83;77;5,4;5,8;5,2;952,0;952,0;951,5;1,0;109;2,5;-3,54;0,0
A753;06/07/2019;22;9,5;13,1;9,5;77;77;56;5,6;5,7;4,5;951,5;951,5;951,3;1,9;176;2,9;-3,54;0,0
A753;06/07/2019;21;13,1;17,1;13,1;56;57;41;4,6;4,8;3,5;951,4;951,4;951,2;1,6;209;5,1;90,96;0,0
A753;06/07/2019;20;17,1;18,7;17,1;42;42;35;3,9;4,6;2,7;951,2;951,2;950,9;2,8;196;6,7;705,7;0,0
A753;06/07/2019;19;18,5;19,7;18,4;37;38;32;3,3;4,4;2,0;950,9;950,9;950,6;3,7;186;6,7;1381,;0,0
A753;06/07/2019;18;19,4;19,8;18,5;35;41;33;3,7;5,5;2,6;950,7;950,9;950,7;2,8;230;6,4;2088,;0,0
A753;06/07/2019;17;19,0;19,7;18,1;37;49;35;4,1;7,2;3,5;950,9;951,5;950,9;2,1;227;5,5;2445,;0,0
A753;06/07/2019;16;18,8;18,8;16,8;45;53;45;6,7;8,0;5,4;951,5;952,3;951,5;1,8;210;4,7;2576,;0,0
A753;06/07/2019;15;17,1;17,3;15,3;51;65;45;7,0;9,0;5,1;952,3;952,6;952,3;1,9;203;5,2;2578,;0,0
A753;06/07/2019;14;15,3;15,5;13,6;64;73;60;8,7;9,7;7,1;952,6;952,7;952,3;2,5;186;4,7;2285,;0,0
A753;06/07/2019;13;13,6;13,8;11,3;71;80;68;8,5;9,0;7,7;952,4;952,5;952,1;2,3;170;4,5;1742,;0,0
A753;06/07/2019;12;11,3;11,6;9,7;80;86;78;7,9;8,6;7,2;952,1;952,1;951,5;2,2;168;4,2;1060,;0,0
A753;06/07/2019;11;9,7;10,2;9,7;85;89;84;7,2;8,3;7,2;951,5;951,5;950,8;1,2;177;3,1;180,1;0,0
A753;06/07/2019;10;10,2;11,9;10,1;88;88;80;8,4;8,8;8,0;950,8;950,8;950,1;1,5;167;3,1;2,186;0,0
A753;06/07/2019;09;11,6;13,0;11,4;83;83;76;8,7;9,1;8,3;950,1;950,1;949,9;1,5;22;8,6;-3,52;0,0
A753;06/07/2019;08;13,0;14,5;13,0;78;89;78;9,2;12,6;9,2;950,0;950,0;949,4;4,7;179;7,8;-3,22;0,0
A753;06/07/2019;07;14,4;14,7;14,3;89;94;88;12,6;13,6;12,5;949,5;949,7;949,4;3,5;169;5,1;-2,91;0,0
A753;06/07/2019;06;14,6;15,0;14,5;94;94;93;13,6;13,8;13,5;949,6;949,8;949,5;0,9;186;1,6;-2,83;0,0
A753;06/07/2019;03;15,4;15,8;15,4;92;92;91;14,0;14,4;14,0;950,1;950,2;950,1;1,5;164;2,6;-3,33;0,0
A753;06/07/2019;04;15,1;15,4;15,1;93;93;92;13,9;14,0;13,8;949,9;950,1;949,7;0,6;93;2,4;-3,21;0,0
A753;06/07/2019;02;15,8;16,3;15,8;92;92;90;14,4;14,8;14,4;950,1;950,1;949,8;1,7;177;3,5;-2,50;0,0
A753;06/07/2019;01;16,3;17,3;16,3;90;90;85;14,6;15,1;14,6;949,8;949,9;949,5;2,2;169;5,4;-1,74;0,0
A753;06/07/2019;00;17,3;17,8;17,3;87;89;87;15,2;15,6;15,2;949,5;949,5;948,6;3,2;176;5,4;-2,46;0,0
A753;07/07/2019;08;1,9;1,9;1,2;94;94;92;1,1;1,1;0,3;952,1;952,2;952,0;0,6;149;2,8;-3,54;0,0
A753;07/07/2019;03;3,9;4,7;3,6;94;94;91;3,0;3,6;2,5;952,6;952,8;952,6;1,0;141;2,1;-3,54;0,0
A753;07/07/2019;04;3,2;3,9;3,1;93;94;93;2,2;2,8;2,1;952,7;952,8;952,4;1,4;177;2,3;-3,54;0,0
A753;07/07/2019;01;5,1;7,2;5,1;90;91;81;3,6;4,5;3,5;952,8;952,8;952,4;0,8;175;1,3;-3,48;0,0
A753;07/07/2019;00;7,3;8,6;7,3;81;81;76;4,3;5,3;4,2;952,4;952,4;952,0;1,1;99;1,9;-3,54;0,0
A753;07/07/2019;07;1,9;2,7;1,9;92;93;92;0,7;1,7;0,7;952,2;952,2;952,1;1,4;179;2,3;-3,54;0,0
A753;07/07/2019;06;2,7;2,9;2,2;93;94;92;1,6;1,9;1,1;952,2;952,7;952,1;1,7;181;2,5;-3,54;0,0
A753;07/07/2019;23;11,5;14,3;11,5;67;67;54;5,5;5,9;4,8;951,4;951,4;951,0;1,1;121;5,0;-3,54;0,0
A753;07/07/2019;22;13,0;14,7;12,7;58;59;54;4,8;5,5;4,8;951,0;951,0;950,5;2,4;148;3,9;-3,54;0,0
A753;07/07/2019;21;14,7;20,3;14,7;54;54;31;5,5;5,5;2,7;950,5;950,6;950,2;2,5;170;5,2;98,71;0,0
A753;07/07/2019;20;20,3;22,6;20,3;31;31;20;2,6;2,7;-1,5;950,3;950,3;950,0;3,5;156;5,8;748,7;0,0
A753;07/07/2019;19;22,6;22,9;22,2;22;23;19;-0,2;0,6;-2,1;950,0;950,0;949,7;2,3;117;5,8;1390,;0,0
A753;07/07/2019;18;22,6;22,7;21,6;23;26;22;0,6;1,6;-0,5;949,8;950,2;949,7;2,4;122;5,6;2105,;0,0
A753;07/07/2019;17;21,9;22,3;20,3;24;30;23;0,6;2,4;-0,6;950,2;951,2;950,1;1,7;99;5,8;2524,;0,0
A753;07/07/2019;02;4,7;5,1;4,4;93;93;90;3,6;3,8;3,1;952,7;952,8;952,6;1,0;184;1,6;-3,54;0,0
A753;07/07/2019;16;20,5;20,7;18,8;29;33;29;2,0;3,2;1,2;951,2;952,1;951,2;2,2;72;6,7;2703,;0,0
A753;07/07/2019;15;18,9;19,1;16,9;30;40;29;1,0;3,4;0,0;952,2;952,9;952,2;2,9;85;6,5;2653,;0,0
A753;07/07/2019;14;17,3;17,5;13,2;39;54;38;3,1;4,6;2,2;952,9;953,6;952,9;2,1;46;5,7;2350,;0,0
A753;07/07/2019;13;13,4;13,6;10,1;51;73;51;3,5;6,0;3,5;953,6;953,9;953,6;2,6;77;5,4;1825,;0,0
A753;07/07/2019;12;10,1;10,1;4,5;71;94;71;5,2;5,8;3,7;953,8;953,8;953,1;1,7;91;2,8;1141,;0,0
A753;07/07/2019;11;4,5;4,5;1,2;94;96;94;3,7;3,7;0,4;953,1;953,1;952,4;1,1;160;2,2;287,7;0,0
A753;07/07/2019;05;2,8;3,5;2,8;93;94;92;1,7;2,5;1,7;952,7;953,0;952,7;0,9;155;2,4;-3,54;0,0
A753;07/07/2019;10;1,5;1,9;1,2;95;95;94;0,8;1,2;0,3;952,4;952,4;952,2;1,2;157;2,4;2,120;0,0
A753;07/07/2019;09;1,4;2,0;1,2;94;95;94;0,6;1,2;0,3;952,3;952,3;952,1;1,2;173;2,2;-3,54;0,0
A753;08/07/2019;13;18,9;19,0;16,1;46;60;46;7,1;8,3;6,9;954,1;954,1;953,8;4,3;63;7,4;1798,;0,0
A753;08/07/2019;23;12,4;16,8;12,4;74;74;58;7,9;8,7;7,9;951,1;951,1;950,6;1,0;132;3,2;-3,54;0,0
A753;08/07/2019;22;16,6;19,2;15,9;59;62;45;8,6;9,1;7,0;950,6;950,7;950,0;1,4;101;3,2;-3,54;0,0
A753;08/07/2019;21;19,2;24,6;19,2;45;45;28;6,9;6,9;4,4;950,0;950,2;950,0;0,9;187;2,3;93,12;0,0
A753;08/07/2019;20;24,6;26,2;24,6;29;29;22;5,1;5,4;2,6;950,1;950,2;950,0;0,9;32;3,0;717,3;0,0
A753;08/07/2019;19;26,0;26,5;25,7;24;26;21;3,9;4,9;1,7;950,2;950,5;950,1;1,2;356;4,5;1354,;0,0
A753;08/07/2019;18;25,9;26,0;24,6;24;31;23;3,5;6,5;3,0;950,5;951,2;950,5;1,9;330;4,8;2055,;0,0
A753;08/07/2019;17;24,6;25,6;23,6;30;33;28;5,9;6,9;5,0;951,2;952,1;951,2;2,6;70;5,3;2472,;0,0
A753;08/07/2019;16;24,3;24,6;22,4;31;35;31;6,2;6,9;5,3;952,0;953,3;952,0;2,6;55;6,0;2651,;0,0
A753;08/07/2019;15;23,2;23,2;20,9;34;41;33;6,5;7,8;5,6;953,3;953,9;953,3;2,2;50;5,9;2588,;0,0
A753;08/07/2019;14;21,2;21,4;18,7;40;47;40;7,0;7,8;6,5;953,9;954,1;953,9;2,8;71;7,0;2297,;0,0
A753;08/07/2019;12;16,1;16,1;11,0;59;79;57;8,0;8,2;7,1;953,8;953,8;953,3;3,4;70;6,5;1120,;0,0
A753;08/07/2019;10;5,3;7,7;5,2;87;89;81;3,2;5,2;3,1;952,5;952,5;952,0;1,4;178;2,6;2,151;0,0
A753;08/07/2019;11;11,0;11,0;5,3;79;89;78;7,4;7,4;3,5;953,3;953,3;952,5;2,6;167;3,6;296,1;0,0
A753;08/07/2019;09;5,9;8,3;5,7;87;87;73;3,9;4,7;2,7;952,0;952,1;951,5;1,2;172;3,8;-3,54;0,0
A753;08/07/2019;08;8,3;9,3;6,9;73;84;73;3,7;5,6;3,7;951,5;951,6;951,5;1,3;183;4,7;-3,54;0,0
A753;08/07/2019;07;7,1;8,3;6,9;82;83;79;4,3;5,4;3,7;951,5;952,0;951,4;2,0;176;3,5;-3,54;0,0
A753;08/07/2019;06;8,1;8,5;7,1;81;83;77;5,1;5,1;3,5;952,0;952,3;952,0;2,0;160;3,1;-3,54;0,0
A753;08/07/2019;05;7,4;8,6;7,4;77;79;75;3,7;4,7;3,6;952,3;952,3;952,1;2,2;154;2,9;-3,54;0,0
A753;08/07/2019;04;8,5;9,0;7,6;76;80;75;4,5;5,1;4,2;952,2;952,4;952,2;2,0;159;2,8;-3,54;0,0
A753;08/07/2019;03;8,0;9,1;7,4;80;82;76;4,7;5,2;4,2;952,4;952,5;952,3;2,1;148;4,2;-3,54;0,0
A753;08/07/2019;02;7,6;8,6;7,0;81;85;80;4,5;5,5;4,4;952,5;952,5;952,2;2,3;144;3,1;-3,54;0,0
A753;08/07/2019;01;8,0;9,0;7,9;83;84;76;5,2;5,8;4,8;952,3;952,4;951,9;1,5;158;3,0;-3,54;0,0
A753;08/07/2019;00;9,0;11,7;9,0;76;76;66;5,0;5,7;5,0;951,9;951,9;951,4;1,6;165;2,7;-3,54;0,0
A753;09/07/2019;01;11,3;14,7;11,3;74;74;63;6,9;7,8;6,6;951,7;951,7;951,3;2,0;138;5,4;-3,54;0,0
A753;09/07/2019;00;12,7;13,0;11,7;71;78;71;7,6;8,7;7,5;951,3;951,4;951,1;1,7;142;4,4;-3,54;0,0
A753;09/07/2019;02;13,2;13,2;11,0;71;75;71;8,0;8,0;6,7;951,7;951,8;951,6;3,1;148;4,7;-3,54;0,0
A753;09/07/2019;23;14,4;15,4;14,0;66;72;66;8,2;9,7;8,2;951,4;951,4;950,9;1,4;151;2,1;-3,54;0,0
A753;09/07/2019;22;15,4;19,9;15,4;68;68;51;9,5;10,2;8,9;950,9;951,0;950,6;0,6;148;1,8;-3,54;0,0
A753;09/07/2019;21;19,9;27,2;19,9;51;51;27;9,4;9,4;6,1;950,6;950,6;949,9;0,8;161;3,1;92,28;0,0
A753;09/07/2019;20;27,2;27,3;26,5;28;30;24;7,4;8,1;4,4;949,9;949,9;949,6;0,6;105;3,1;702,1;0,0
A753;09/07/2019;19;27,1;27,4;26,5;24;26;24;4,8;5,9;4,4;949,7;950,0;949,7;1,0;117;4,0;1328,;0,0
A753;09/07/2019;18;27,0;27,9;26,7;25;27;23;5,0;6,5;4,4;950,0;950,8;950,0;1,0;99;3,5;2017,;0,0
A753;09/07/2019;17;27,0;27,2;25,9;24;29;23;4,7;6,7;3,8;950,8;951,6;950,8;1,1;142;3,8;2434,;0,0
A753;09/07/2019;16;26,6;26,9;25,1;27;31;27;6,2;7,2;5,5;951,6;952,6;951,6;1,3;337;4,5;2625,;0,0
A753;09/07/2019;15;25,9;26,3;24,1;30;34;29;7,0;8,0;6,6;952,6;953,3;952,5;1,6;321;4,8;2564,;0,0
A753;09/07/2019;14;24,4;24,8;22,5;34;41;32;7,5;9,1;7,0;953,3;953,9;953,3;1,4;327;4,2;2273,;0,0
A753;09/07/2019;13;22,5;22,7;19,3;40;51;39;8,1;9,1;8,1;953,9;954,0;953,9;2,3;67;6,0;1761,;0,0
A753;09/07/2019;12;19,3;19,3;15,5;51;63;51;9,0;9,2;8,4;953,9;953,9;953,4;3,6;74;5,7;1091,;0,0
A753;09/07/2019;11;15,5;15,5;12,4;64;74;64;8,6;8,8;7,7;953,4;953,4;952,9;2,4;101;5,9;286,9;0,0
A753;09/07/2019;10;13,7;14,4;13,0;68;70;66;7,9;8,3;7,4;952,9;952,9;952,2;3,0;97;5,8;1,735;0,0
A753;09/07/2019;09;14,2;14,4;13,3;66;70;66;8,0;8,2;7,6;952,2;952,2;951,6;2,4;118;4,6;-3,54;0,0
A753;09/07/2019;08;13,5;13,6;10,7;69;78;69;7,9;8,5;6,7;951,6;951,7;951,5;1,6;143;3,9;-3,54;0,0
A753;09/07/2019;07;11,1;13,0;10,7;77;78;69;7,2;8,1;6,6;951,6;951,7;951,4;1,6;171;3,5;-3,54;0,0
A753;09/07/2019;06;12,9;14,5;12,9;69;69;65;7,4;8,5;7,1;951,4;951,5;951,3;1,6;139;4,6;-3,54;0,0
A753;09/07/2019;05;14,2;14,3;11,9;69;75;69;8,6;8,9;7,4;951,5;951,8;951,5;2,0;109;4,6;-3,54;0,0
A753;09/07/2019;04;12,9;14,2;12,7;71;71;67;7,6;8,3;7,5;951,8;951,8;951,7;2,0;148;4,2;-3,54;0,0
A753;09/07/2019;03;13,4;13,8;12,9;70;71;68;8,0;8,2;7,7;951,7;951,8;951,7;2,1;148;4,7;-3,54;0,0
A753;10/07/2019;05;12,0;14,1;11,1;71;74;63;7,0;7,4;6,3;951,4;951,7;951,4;1,0;182;3,1;-3,54;0,0
A753;10/07/2019;23;13,6;16,5;13,0;74;77;65;9,0;9,9;8,8;949,6;949,6;949,1;0,8;181;2,2;-3,54;0,0
A753;10/07/2019;22;16,5;19,2;16,0;65;66;54;9,8;10,5;9,4;949,1;949,1;948,6;1,2;94;1,9;-3,54;0,0
A753;10/07/2019;21;19,2;25,8;19,2;54;54;31;9,7;9,8;7,3;948,7;948,8;948,7;0,4;208;1,9;90,86;0,0
A753;10/07/2019;20;25,8;26,7;25,8;31;31;27;7,4;7,4;6,0;948,8;948,9;948,7;1,0;225;4,1;706,9;0,0
A753;10/07/2019;19;26,4;27,2;26,1;27;30;26;6,0;7,7;5,7;948,9;948,9;948,8;1,2;117;4,5;1329,;0,0
A753;10/07/2019;18;26,2;27,4;26,1;28;29;26;6,3;7,5;5,6;948,9;949,4;948,9;2,4;200;4,8;2025,;0,0
A753;10/07/2019;17;27,2;27,3;25,6;27;30;27;6,7;7,5;5,8;949,3;950,3;949,3;1,8;265;4,8;2423,;0,0
A753;10/07/2019;16;25,6;26,6;24,3;29;33;28;6,4;7,6;6,2;950,3;951,4;950,3;1,8;36;4,8;2596,;0,0
A753;10/07/2019;15;25,0;25,6;23,5;31;38;30;6,7;8,4;6,4;951,4;952,1;951,4;1,3;34;4,7;2531,;0,0
A753;10/07/2019;14;23,5;23,9;21,6;38;44;35;8,5;9,3;7,3;952,1;952,6;952,1;2,2;300;4,9;2255,;0,0
A753;10/07/2019;13;21,7;21,8;17,9;43;56;43;8,7;9,6;8,3;952,6;952,8;952,6;1,1;10;2,7;1681,;0,0
A753;10/07/2019;12;17,9;18,0;13,3;56;75;55;9,0;9,5;8,4;952,7;952,7;952,1;0,9;143;1,9;1048,;0,0
A753;10/07/2019;11;13,3;13,3;7,4;75;89;74;9,0;9,0;5,2;952,1;952,1;951,6;0,5;212;1,6;294,7;0,0
A753;10/07/2019;10;8,2;8,3;7,1;87;91;87;6,1;6,6;5,4;951,6;951,6;951,2;1,0;162;1,9;2,902;0,0
A753;10/07/2019;09;7,1;11,1;6,8;90;91;73;5,7;6,7;5,0;951,2;951,2;950,9;1,4;167;2,0;-3,54;0,0
A753;10/07/2019;08;10,8;11,8;10,3;75;77;71;6,6;7,0;6,2;950,9;950,9;950,8;0,9;205;1,6;-3,54;0,0
A753;10/07/2019;07;11,6;12,3;11,2;71;72;68;6,6;6,9;6,0;950,9;951,1;950,9;0,8;201;2,1;-3,54;0,0
A753;10/07/2019;06;11,9;12,9;11,3;69;72;66;6,3;7,0;6,2;951,1;951,5;951,1;1,3;172;2,6;-3,54;0,0
A753;10/07/2019;04;12,7;13,0;11,5;68;72;68;7,1;7,2;6,4;951,7;951,9;951,7;1,2;144;3,8;-3,54;0,0
A753;10/07/2019;03;12,1;12,4;11,2;70;74;68;6,9;7,2;6,5;951,8;952,0;951,8;1,5;173;2,8;-3,54;0,0
A753;10/07/2019;02;12,5;12,9;11,2;68;76;67;6,7;7,5;6,7;951,8;951,8;951,7;1,5;171;3,0;-3,54;0,0
A753;10/07/2019;01;11,8;12,6;11,5;73;77;71;7,2;7,9;7,1;951,7;951,7;951,5;1,4;178;2,8;-3,54;0,0
A753;10/07/2019;00;11,8;14,4;11,7;75;75;66;7,5;8,2;7,3;951,5;951,5;951,4;1,7;175;2,5;-3,54;0,0
A753;11/07/2019;05;8,5;9,4;8,2;87;89;85;6,4;7,3;6,2;949,1;949,5;949,1;1,4;167;2,4;-3,54;0,0
A753;11/07/2019;01;12,0;13,2;12,0;78;80;75;8,3;9,2;8,0;949,6;949,7;949,6;1,3;175;2,7;-3,54;0,0
A753;11/07/2019;00;12,4;13,8;11,4;80;82;74;9,1;9,3;8,4;949,7;949,8;949,6;1,7;180;2,3;-3,54;0,0
A753;11/07/2019;04;9,4;10,1;8,8;86;88;83;7,2;7,6;6,7;949,5;949,5;949,2;0,6;164;2,3;-3,54;0,0
A753;11/07/2019;03;9,9;11,2;9,8;84;84;81;7,4;8,1;7,1;949,2;949,5;949,2;1,2;180;2,6;-3,54;0,0
A753;11/07/2019;23;12,6;15,9;12,6;77;77;61;8,6;9,0;8,4;947,6;947,6;947,2;1,6;166;2,1;-3,54;0,0
A753;11/07/2019;22;15,9;19,3;15,9;61;61;52;8,4;9,8;8,4;947,2;947,2;946,8;1,5;140;2,2;-3,54;0,0
A753;11/07/2019;21;19,3;24,7;19,3;52;52;33;9,2;9,2;7,7;946,8;946,8;946,7;0,9;191;3,3;96,16;0,0
A753;11/07/2019;20;24,7;27,1;24,7;33;33;25;7,4;7,4;5,3;946,7;946,7;946,5;2,1;174;3,3;713,3;0,0
A753;11/07/2019;19;27,1;27,4;26,0;26;28;25;5,7;6,8;5,3;946,6;946,9;946,6;1,0;209;4,3;1337,;0,0
A753;11/07/2019;18;27,0;27,1;26,0;26;28;24;6,0;6,3;4,0;946,9;947,6;946,9;1,1;233;4,9;2030,;0,0
A753;11/07/2019;16;25,2;26,0;24,2;28;32;28;5,6;7,3;5,6;948,6;949,7;948,6;1,8;223;4,4;2603,;0,0
A753;11/07/2019;17;26,3;26,3;25,1;27;30;26;5,9;6,7;4,5;947,6;948,6;947,6;1,4;82;4,1;2433,;0,0
A753;11/07/2019;15;24,6;24,7;22,8;32;40;30;7,0;8,7;5,8;949,7;950,7;949,7;2,4;109;4,2;2552,;0,0
A753;11/07/2019;14;22,9;23,6;20,5;40;46;37;8,4;9,4;7,5;950,7;951,0;950,7;1,6;149;3,5;2249,;0,0
A753;11/07/2019;13;20,5;20,5;17,4;46;61;44;8,6;9,4;7,6;951,0;951,0;950,4;1,8;164;3,5;1751,;0,0
A753;11/07/2019;12;17,5;17,5;10,2;61;86;61;9,9;10,6;8,0;950,4;950,5;949,8;1,4;156;2,5;1080,;0,0
A753;11/07/2019;11;10,2;10,2;6,4;86;93;85;7,9;7,9;5,2;949,8;949,8;949,1;1,2;175;2,2;292,8;0,0
A753;11/07/2019;10;6,4;6,5;6,0;93;93;91;5,3;5,4;4,7;949,1;949,1;948,7;1,1;192;1,6;3,023;0,0
A753;11/07/2019;09;6,0;7,4;6,0;91;92;90;4,7;6,0;4,7;948,7;948,7;948,5;1,3;169;1,9;-3,54;0,0
A753;11/07/2019;08;7,3;7,3;6,6;92;92;90;6,1;6,1;5,3;948,6;948,6;948,5;1,2;181;1,7;-3,54;0,0
A753;11/07/2019;02;11,0;12,5;10,3;82;85;76;8,1;8,7;7,6;949,5;949,6;949,5;1,8;171;3,2;-3,54;0,0
A753;11/07/2019;07;6,9;8,2;6,8;90;91;87;5,4;6,3;5,3;948,6;949,0;948,6;1,2;165;1,9;-3,54;0,0
A753;11/07/2019;06;8,2;8,5;7,8;88;90;87;6,3;6,8;6,0;949,0;949,1;948,9;1,2;173;2,2;-3,54;0,0
A753;12/07/2019;14;26,0;26,3;23,6;33;40;32;8,3;9,5;7,6;948,6;949,0;948,6;1,8;305;3,9;2223,;0,0
A753;12/07/2019;23;16,5;19,0;16,5;66;66;55;10,1;10,6;9,6;947,4;947,4;947,1;0,6;97;2,1;-3,54;0,0
A753;12/07/2019;22;18,4;20,8;18,2;61;63;51;10,8;11,0;9,8;947,1;947,1;946,7;0,9;133;2,5;-3,54;0,0
A753;12/07/2019;21;20,7;27,3;20,7;52;53;31;10,5;10,9;8,5;946,7;946,7;946,4;1,6;181;3,3;94,50;0,0
A753;12/07/2019;20;27,3;29,6;27,3;31;31;24;8,5;8,7;7,0;946,4;946,4;946,1;2,1;202;3,7;696,6;0,0
A753;12/07/2019;19;29,5;30,0;29,0;25;26;23;7,1;7,7;6,5;946,1;946,1;945,9;1,7;233;5,2;1319,;0,0
A753;12/07/2019;18;29,4;30,4;29,1;24;25;23;6,6;7,7;6,0;946,0;946,3;946,0;2,3;213;6,4;1994,;0,0
A753;12/07/2019;17;30,2;30,3;28,6;24;27;22;7,6;8,2;6,1;946,3;946,9;946,3;1,6;246;5,8;2390,;0,0
A753;12/07/2019;16;28,7;29,7;27,2;25;29;24;6,7;8,6;5,8;946,9;947,8;946,9;1,7;340;5,8;2583,;0,0
A753;12/07/2019;15;27,9;28,3;26,0;29;33;28;7,9;8,8;7,4;947,9;948,6;947,9;2,5;319;4,9;2516,;0,0
A753;12/07/2019;13;24,3;24,3;19,2;39;51;38;9,4;9,5;8,5;949,0;949,0;948,7;0,7;172;2,2;1721,;0,0
A753;12/07/2019;12;19,2;19,3;15,1;50;67;50;8,7;9,5;8,4;948,7;948,7;948,2;0,8;125;1,9;1072,;0,0
A753;12/07/2019;11;15,1;15,1;7,0;65;90;65;8,6;8,9;5,2;948,2;948,2;947,5;1,0;149;2,3;283,9;0,0
A753;12/07/2019;10;7,0;9,7;7,0;88;91;81;5,2;7,3;5,0;947,5;947,6;947,2;1,6;168;2,2;3,060;0,0
A753;12/07/2019;09;7,3;7,9;7,2;89;89;86;5,6;6,0;5,2;947,2;947,2;946,7;0,8;177;1,7;-3,54;0,0
A753;12/07/2019;08;7,9;8,3;7,2;86;89;86;5,8;6,4;5,3;946,7;946,7;946,6;0,5;178;2,2;-3,54;0,0
A753;12/07/2019;07;7,6;8,4;7,6;87;89;86;5,6;6,5;5,5;946,7;947,0;946,7;1,0;154;2,5;-3,54;0,0
A753;12/07/2019;06;7,8;8,8;7,5;89;90;84;6,1;6,8;5,7;947,0;947,6;947,0;1,4;164;2,0;-3,54;0,0
A753;12/07/2019;05;8,6;10,4;8,6;84;85;81;6,0;7,8;6,0;947,6;947,8;947,6;1,1;182;3,0;-3,54;0,0
A753;12/07/2019;04;9,5;9,6;9,0;85;86;84;7,1;7,3;6,6;947,8;948,0;947,8;2,2;169;3,3;-3,54;0,0
A753;12/07/2019;03;9,4;10,6;9,2;86;86;82;7,1;7,7;6,7;948,0;948,3;948,0;2,3;161;3,1;-3,54;0,0
A753;12/07/2019;02;10,4;11,5;9,7;82;85;79;7,6;8,3;7,0;948,3;948,3;948,1;2,4;166;3,1;-3,54;0,0
A753;12/07/2019;01;10,3;12,8;9,8;85;86;77;8,0;9,2;7,1;948,1;948,1;947,8;1,7;162;2,3;-3,54;0,0
A753;12/07/2019;00;11,9;13,0;11,2;81;83;76;8,8;9,0;8,1;947,8;947,8;947,6;0,9;157;2,5;-3,54;0,0
A753;13/07/2019;02;12,8;13,8;12,3;80;84;77;9,4;10,2;9,4;948,0;948,2;948,0;2,2;157;2,9;-3,52;0,0
A753;13/07/2019;00;14,8;16,5;14,8;71;71;66;9,6;10,1;9,6;947,8;947,8;947,4;1,2;165;1,6;-3,54;0,0
A753;13/07/2019;01;13,6;15,1;13,3;77;79;71;9,7;10,0;9,3;948,1;948,1;947,8;1,9;167;2,3;-3,54;0,0
A753;13/07/2019;23;19,1;21,2;19,1;64;64;54;12,0;12,0;11,4;946,6;946,6;946,0;0,8;139;2,0;-3,54;0,0
A753;13/07/2019;22;21,2;22,1;20,8;54;60;52;11,5;12,6;11,4;946,0;946,0;945,7;1,2;80;2,0;-3,54;0,0
A753;13/07/2019;21;22,1;28,7;22,1;53;53;30;12,0;12,0;9,5;945,7;945,7;945,4;1,2;199;2,3;91,87;0,0
A753;13/07/2019;20;28,7;30,7;28,7;30;30;25;9,5;9,6;8,1;945,4;945,4;945,2;1,4;218;4,9;693,1;0,0
A753;13/07/2019;19;30,7;30,9;29,4;26;26;23;8,8;8,9;7,0;945,3;945,4;945,2;2,4;223;7,4;1224,;0,0
A753;13/07/2019;18;30,5;31,5;29,2;24;27;22;7,4;9,7;6,8;945,4;946,1;945,4;2,7;276;8,0;1801,;0,0
A753;13/07/2019;17;30,6;31,1;29,5;27;29;25;9,3;10,0;8,3;946,1;947,2;946,1;2,1;254;8,6;2407,;0,0
A753;13/07/2019;16;30,0;30,1;28,7;29;31;28;9,8;10,5;9,1;947,2;948,2;947,1;3,4;271;8,6;2526,;0,0
A753;13/07/2019;15;29,2;29,2;27,6;31;34;30;10,4;11,3;9,9;948,2;949,0;948,2;2,4;275;5,4;2460,;0,0
A753;13/07/2019;13;25,5;25,5;19,8;43;60;43;12,0;12,5;11,4;949,5;949,5;949,3;1,0;308;2,2;1671,;0,0
A753;13/07/2019;14;27,8;28,1;25,5;33;44;33;10,2;12,4;10,2;949,0;949,5;949,0;1,9;313;4,0;2168,;0,0
A753;13/07/2019;12;19,8;19,8;13,5;60;82;60;11,9;12,5;10,3;949,3;949,3;948,8;1,0;138;2,3;1023,;0,0
A753;13/07/2019;11;13,4;13,4;9,2;82;92;82;10,4;10,5;7,3;948,8;948,8;948,2;0,6;144;1,8;275,1;0,0
A753;13/07/2019;10;10,1;10,3;9,9;89;89;87;8,3;8,6;8,0;948,2;948,2;947,6;0,7;193;1,3;3,239;0,0
A753;13/07/2019;09;10,3;10,6;10,1;87;88;86;8,2;8,6;8,1;947,6;947,6;947,2;1,0;172;1,6;-3,54;0,0
A753;13/07/2019;08;10,6;11,1;10,0;86;88;85;8,4;8,7;7,8;947,2;947,2;947,0;0,6;139;2,1;-3,54;0,0
A753;13/07/2019;07;11,1;11,3;10,7;85;87;84;8,7;8,9;8,4;947,0;947,4;947,0;0,7;124;2,2;-3,54;0,0
A753;13/07/2019;06;10,8;11,4;10,5;87;87;84;8,7;8,8;8,2;947,4;947,7;947,4;1,5;182;2,0;-3,54;0,0
A753;13/07/2019;05;11,4;12,5;11,4;84;84;80;8,7;9,5;8,5;947,7;948,1;947,7;1,5;178;2,0;-3,54;0,0
A753;13/07/2019;04;11,8;13,4;11,5;83;84;77;9,1;9,5;8,6;948,1;948,1;948,0;1,7;165;2,5;-3,54;0,0
A753;13/07/2019;03;13,4;13,9;12,8;77;81;76;9,4;10,0;9,4;948,0;948,0;947,9;1,6;160;3,0;-3,54;0,0
A753;14/07/2019;05;14,5;14,9;14,3;80;82;79;11,1;11,5;10,9;946,6;947,0;946,6;1,2;163;2,4;-3,54;0,0
A753;14/07/2019;23;18,1;20,9;18,1;68;68;55;12,1;12,2;11,3;945,9;945,9;945,4;1,0;152;1,6;-3,54;0,0
A753;14/07/2019;22;20,9;22,1;20,3;55;61;52;11,5;12,8;11,0;945,4;945,4;945,0;1,0;58;2,0;-3,54;0,0
A753;14/07/2019;21;22,1;28,6;22,1;55;55;28;12,7;12,7;8,8;945,0;945,0;944,9;0,9;165;2,4;108,9;0,0
A753;14/07/2019;20;28,6;30,2;28,6;28;29;24;8,5;8,9;7,0;944,9;944,9;944,7;1,3;218;3,9;668,0;0,0
A753;14/07/2019;19;29,8;30,6;29,7;25;26;23;7,6;8,3;6,7;944,7;945,0;944,6;1,9;218;4,7;1230,;0,0
A753;14/07/2019;18;30,0;30,9;28,8;25;26;22;7,7;8,1;6,4;945,0;945,5;945,0;2,9;257;6,1;1726,;0,0
A753;14/07/2019;17;29,8;30,8;29,4;24;28;21;6,8;9,5;5,8;945,5;946,4;945,5;2,0;179;5,5;2308,;0,0
A753;14/07/2019;16;29,5;30,1;28,5;27;31;26;8,3;10,7;7,9;946,4;947,3;946,4;2,1;286;5,5;2533,;0,0
A753;14/07/2019;15;29,5;29,5;26,1;31;40;30;10,6;11,8;9,7;947,3;948,1;947,3;1,2;167;3,2;2444,;0,0
A753;14/07/2019;14;26,1;26,2;21,8;40;57;39;11,3;13,6;11,3;948,1;948,7;948,1;0,9;102;2,6;2150,;0,0
A753;14/07/2019;13;21,8;21,8;17,2;57;75;57;12,9;13,4;12,4;948,6;948,8;948,6;1,6;121;2,9;1171,;0,0
A753;14/07/2019;12;17,2;17,2;14,0;75;89;75;12,7;12,7;11,8;948,7;948,7;948,3;0,8;136;1,5;526,8;0,0
A753;14/07/2019;11;14,0;14,0;12,2;89;90;88;12,2;12,2;10,4;948,3;948,3;947,4;0,7;176;1,9;172,5;0,0
A753;14/07/2019;10;12,5;12,7;11,5;89;90;88;10,7;11,1;9,7;947,4;947,4;946,5;0,8;324;2,3;4,612;0,0
A753;14/07/2019;09;11,7;13,6;11,6;89;90;84;10,0;11,2;9,8;946,5;946,5;946,2;1,0;186;3,4;-3,50;0,0
A753;14/07/2019;08;12,5;13,9;12,4;87;87;82;10,3;11,1;9,8;946,3;946,3;945,9;0,7;305;2,5;-3,33;0,0
A753;14/07/2019;07;13,2;14,2;12,9;85;85;81;10,7;11,2;10,2;946,0;946,3;945,9;1,1;159;2,2;-3,54;0,0
A753;14/07/2019;06;14,1;14,7;14,0;82;82;80;11,0;11,4;10,7;946,3;946,6;946,3;1,2;155;2,4;-3,53;0,0
A753;14/07/2019;04;14,8;15,3;14,6;80;80;78;11,3;11,7;11,0;947,0;947,4;947,0;1,5;188;2,4;-3,54;0,0
A753;14/07/2019;03;14,9;16,6;14,9;78;78;73;11,1;11,9;11,0;947,4;947,4;947,1;1,0;173;2,8;-3,54;0,0
A753;14/07/2019;02;16,0;17,4;15,9;76;76;71;11,8;12,3;11,7;947,2;947,4;947,1;2,0;161;3,0;-3,54;0,0
A753;14/07/2019;00;17,6;19,1;17,3;69;70;64;11,9;12,1;11,6;946,9;946,9;946,6;1,2;176;1,7;-3,54;0,0
A753;14/07/2019;01;16,9;17,6;16,2;75;77;69;12,3;12,4;11,6;947,2;947,2;946,9;2,2;164;2,8;-3,16;0,0
A753;15/07/2019;11;17,8;17,8;15,8;68;73;68;11,8;11,8;10,5;946,1;946,1;945,4;1,0;183;1,6;222,5;0,0
A753;15/07/2019;06;15,0;16,6;14,6;77;80;67;11,1;11,6;10,6;945,2;945,6;945,2;1,3;174;2,8;-3,32;0,0
A753;15/07/2019;07;14,8;16,4;14,2;76;80;69;10,5;11,1;10,5;945,0;945,3;945,0;0,9;30;2,8;-3,44;0,0
A753;15/07/2019;02;16,3;17,7;16,3;72;72;66;11,2;11,8;11,1;946,5;946,6;946,5;1,5;132;2,6;-3,53;0,0
A753;15/07/2019;05;16,5;17,0;16,2;69;71;66;10,7;10,8;10,5;945,6;946,2;945,6;0,7;218;2,5;-3,07;0,0
A753;15/07/2019;01;17,3;17,6;16,7;70;75;70;11,8;12,4;11,8;946,6;946,6;946,4;1,8;159;2,5;-3,03;0,0
A753;15/07/2019;00;17,0;18,1;17,0;73;74;68;12,2;12,4;12,0;946,4;946,4;945,9;1,2;155;2,0;-3,53;0,0
A753;15/07/2019;10;16,2;16,3;14,8;69;77;69;10,5;11,2;10,5;945,4;945,4;945,1;0,6;105;2,0;3,482;0,0
A753;15/07/2019;09;14,8;15,0;14,3;77;78;75;10,8;10,8;10,4;945,1;945,2;944,8;0,9;173;2,3;-2,99;0,0
A753;15/07/2019;23;18,0;20,4;18,0;68;68;59;11,9;12,3;11,9;944,9;944,9;944,4;1,4;168;1,9;-3,54;0,0
A753;15/07/2019;22;20,4;22,9;20,4;59;65;51;12,2;13,6;12,2;944,4;944,4;944,1;0,6;150;1,6;-3,54;0,0
A753;15/07/2019;21;22,9;29,4;22,9;51;51;29;12,2;12,3;9,4;944,1;944,1;943,7;0,5;198;1,8;92,20;0,0
A753;15/07/2019;20;29,4;30,8;29,4;29;29;23;9,3;9,4;7,2;943,7;943,7;943,5;1,0;209;4,6;648,0;0,0
A753;15/07/2019;19;30,7;31,3;30,3;23;24;22;7,2;7,9;6,4;943,5;943,6;943,5;2,7;237;5,0;1271,;0,0
A753;15/07/2019;04;17,0;17,0;16,0;66;73;66;10,6;11,3;10,6;946,2;946,4;946,2;1,5;170;2,5;-2,32;0,0
A753;15/07/2019;18;30,8;31,5;30,3;23;25;21;7,4;8,2;5,9;943,6;944,1;943,6;2,9;244;6,8;1747,;0,0
A753;15/07/2019;17;30,7;31,6;30,3;23;26;21;7,4;8,9;6,0;944,1;944,6;944,1;3,1;242;6,9;2240,;0,0
A753;15/07/2019;03;16,0;16,5;15,5;72;74;69;11,1;11,2;10,7;946,3;946,6;946,3;1,4;152;2,9;-3,39;0,0
A753;15/07/2019;16;30,4;31,0;30,0;24;25;22;7,3;8,4;6,4;944,6;945,3;944,6;2,6;299;6,5;2469,;0,0
A753;15/07/2019;15;30,1;30,6;27,6;24;36;24;7,5;11,7;7,3;945,3;946,1;945,3;2,5;289;5,4;2465,;0,0
A753;15/07/2019;14;27,5;27,9;24,1;36;47;35;11,1;12,3;10,8;946,1;946,4;946,1;2,3;309;4,3;2168,;0,0
A753;15/07/2019;08;14,3;15,1;13,9;78;80;73;10,6;10,6;10,2;944,9;945,1;944,9;1,2;160;2,2;-3,22;0,0
A753;15/07/2019;13;24,1;24,8;21,8;46;53;43;11,8;12,9;10,8;946,4;946,8;946,3;2,3;303;4,3;1484,;0,0
A753;15/07/2019;12;21,7;21,7;17,8;52;69;51;11,5;12,4;11,0;946,7;946,7;946,1;1,1;141;2,2;737,0;0,0
A753;16/07/2019;15;24,8;25,1;24,0;45;52;43;12,1;13,6;11,5;947,8;948,4;947,8;2,2;142;5,3;1890,;0,0
A753;16/07/2019;23;18,2;19,6;17,8;72;76;67;13,0;13,5;12,9;947,9;947,9;947,3;1,2;79;2,9;-3,54;0,0
A753;16/07/2019;22;19,5;21,9;19,5;67;67;58;13,2;13,5;13,1;947,3;947,3;946,9;1,6;194;2,5;-3,54;0,0
A753;16/07/2019;21;21,9;25,1;21,9;58;58;46;13,4;13,5;12,7;946,9;946,9;946,5;1,8;185;4,7;82,52;0,0
A753;16/07/2019;20;25,1;26,4;25,1;46;47;42;12,8;13,1;12,2;946,5;946,5;946,1;2,9;192;4,9;698,2;0,0
A753;16/07/2019;19;26,3;26,9;25,7;43;44;40;12,8;13,1;12,0;946,1;946,2;946,0;2,5;205;4,9;1136,;0,0
A753;16/07/2019;18;25,7;27,3;25,7;43;44;39;12,3;12,9;11,9;946,2;946,5;946,2;2,4;207;6,5;1850,;0,0
A753;16/07/2019;17;27,1;27,1;24,8;41;48;40;12,8;13,7;12,0;946,5;947,3;946,5;2,9;233;6,5;2058,;0,0
A753;16/07/2019;16;24,8;26,3;24,5;48;49;43;13,1;13,1;11,9;947,3;947,9;947,3;2,2;181;4,9;1527,;0,0
A753;16/07/2019;14;24,0;24,1;21,3;51;62;50;13,3;14,2;13,0;948,4;948,8;948,4;1,7;226;3,1;1937,;0,0
A753;16/07/2019;13;21,3;22,1;18,9;61;73;61;13,5;14,3;13,5;948,8;948,9;948,6;0,8;253;2,3;1178,;0,0
A753;16/07/2019;12;18,9;19,1;18,1;73;77;70;13,9;14,0;13,1;948,6;948,6;947,9;0,9;142;2,5;549,7;0,0
A753;16/07/2019;11;18,2;18,3;15,3;74;83;73;13,6;14,1;12,1;947,9;947,9;946,8;0,9;176;2,3;213,8;0,0
A753;16/07/2019;09;17,2;17,9;17,2;75;75;72;12,8;12,9;12,7;946,2;946,3;946,0;0,8;99;3,8;-3,50;0,0
A753;16/07/2019;10;15,8;17,2;15,8;79;79;75;12,2;12,8;12,2;946,8;946,8;946,2;1,2;167;2,3;4,700;0,0
A753;16/07/2019;08;17,8;18,3;17,8;72;72;70;12,7;12,9;12,6;946,0;946,2;945,8;2,2;89;6,0;-3,03;0,0
A753;16/07/2019;06;16,1;17,4;15,8;80;80;71;12,6;12,6;11,7;945,9;946,2;945,4;2,5;147;5,3;-3,47;0,0
A753;16/07/2019;07;17,9;17,9;16,1;72;80;72;12,8;12,9;12,6;946,0;946,1;945,8;3,0;122;5,7;-3,25;0,0
A753;16/07/2019;05;17,1;17,2;16,5;73;73;67;12,2;12,2;10,8;945,5;946,2;945,5;0,9;89;4,5;-3,11;0,0
A753;16/07/2019;04;17,1;18,2;16,1;67;70;62;10,8;11,2;10,5;946,1;946,1;945,4;3,0;147;5,8;-3,54;0,0
A753;16/07/2019;03;17,7;18,9;14,6;65;81;62;11,1;12,2;10,9;945,5;945,6;945,1;1,7;122;5,9;-3,49;0,0
A753;16/07/2019;02;15,7;16,4;15,1;75;78;73;11,3;11,8;11,1;945,1;945,4;945,0;0,5;135;2,2;-2,47;0,0
A753;16/07/2019;01;15,7;16,8;15,6;75;75;72;11,3;11,9;11,1;945,2;945,3;945,1;1,8;164;2,4;-3,54;0,0
A753;16/07/2019;00;16,6;18,2;15,8;74;77;67;11,9;12,1;11,7;945,1;945,1;944,9;1,4;172;2,3;-3,54;0,0
A753;17/07/2019;05;14,3;15,3;14,3;80;81;79;10,9;11,7;10,9;949,5;949,9;949,5;1,8;105;4,9;-3,54;0,0
A753;17/07/2019;22;16,5;18,5;16,5;61;61;48;9,0;9,1;7,0;950,0;950,1;949,9;1,9;184;4,0;-3,54;0,0
A753;17/07/2019;09;9,6;10,4;9,5;90;91;89;8,1;9,0;8,0;949,6;949,6;949,3;2,4;151;4,1;-3,54;0,0
A753;17/07/2019;08;9,9;10,7;9,5;91;91;89;8,5;8,9;8,0;949,4;949,4;949,2;2,6;141;3,7;-3,54;0,0
A753;17/07/2019;07;10,6;12,6;10,2;89;91;84;8,9;10,3;8,6;949,3;949,3;949,0;2,1;159;3,3;-3,54;0,0
A753;17/07/2019;06;12,4;14,3;12,0;86;87;80;10,2;11,2;9,6;949,0;949,6;949,0;2,4;111;3,5;-3,54;0,0
A753;17/07/2019;00;17,8;18,8;17,7;72;73;69;12,6;13,1;12,4;948,6;948,6;947,9;1,4;123;4,2;-3,54;0,0
A753;17/07/2019;01;15,2;17,5;15,2;81;81;72;11,9;12,8;11,9;949,2;949,2;948,7;0,8;111;3,6;-3,48;0,0
A753;17/07/2019;02;15,2;15,8;14,5;80;83;80;11,8;12,7;11,2;949,6;949,6;949,2;1,5;145;5,1;-3,54;0,0
A753;17/07/2019;03;13,0;15,2;13,0;88;88;80;11,0;11,9;10,7;949,8;949,9;949,6;2,2;156;3,1;-3,54;0,0
A753;17/07/2019;04;15,3;15,6;13,0;79;88;79;11,7;12,1;11,1;949,8;949,9;949,8;3,1;118;6,3;-3,54;0,0
A753;17/07/2019;10;9,4;9,6;9,2;91;92;90;8,0;8,1;7,7;950,4;950,4;949,6;1,8;157;3,5;5,521;0,0
A753;17/07/2019;21;18,4;23,8;18,3;49;50;27;7,5;7,7;4,0;949,9;949,9;949,4;1,3;191;3,0;115,1;0,0
A753;17/07/2019;23;14,3;16,5;14,3;67;67;61;8,2;9,2;8,1;950,8;950,8;950,0;1,2;84;3,1;-3,54;0,0
A753;17/07/2019;19;24,7;25,6;24,6;26;28;21;4,1;4,9;1,1;949,3;949,6;949,3;2,7;159;5,5;1372,;0,0
A753;17/07/2019;17;24,0;24,9;23,2;34;43;33;7,2;10,6;7,2;949,7;950,4;949,7;2,1;207;5,8;2332,;0,0
A753;17/07/2019;18;25,5;25,7;23,9;26;36;26;4,6;8,2;4,5;949,5;949,7;949,5;2,9;185;5,9;2046,;0,0
A753;17/07/2019;20;23,8;25,0;23,8;27;27;22;3,8;4,4;1,9;949,4;949,6;949,3;2,0;165;4,9;770,6;0,0
A753;17/07/2019;16;23,9;24,2;22,7;42;47;41;10,2;11,3;9,5;950,4;951,3;950,4;2,2;207;5,8;2519,;0,0
A753;17/07/2019;15;23,4;23,7;21,3;46;53;44;11,3;12,0;10,0;951,3;951,8;951,3;2,2;194;4,5;2453,;0,0
A753;17/07/2019;14;21,6;21,8;18,8;52;63;52;11,2;12,5;11,2;951,8;952,2;951,7;1,4;359;4,4;2088,;0,0
A753;17/07/2019;13;19,4;19,5;16,2;61;71;61;11,7;12,1;10,1;952,1;952,2;951,9;1,1;2;3,0;1691,;0,0
A753;17/07/2019;12;16,2;16,2;12,9;68;82;68;10,3;10,7;9,5;951,9;951,9;951,2;0,7;89;2,6;1058,;0,0
A753;17/07/2019;11;12,8;12,8;9,4;81;92;81;9,7;10,0;8,0;951,3;951,3;950,4;1,3;148;2,6;310,2;0,0
A753;18/07/2019;09;13,5;14,4;13,2;70;73;69;8,2;9,0;8,1;950,1;950,1;949,7;1,2;155;3,5;-3,54;0,0
A753;18/07/2019;00;12,7;14,5;12,6;71;72;66;7,6;8,7;7,3;951,0;951,1;950,8;0,9;174;2,7;-3,54;0,0
A753;18/07/2019;23;18,7;19,3;18,5;63;65;60;11,4;11,8;11,2;951,1;951,1;950,3;2,1;103;3,7;-3,54;0,0
A753;18/07/2019;17;27,1;27,4;25,6;33;37;32;9,5;10,4;8,4;950,1;950,9;950,1;1,6;44;4,8;2208,;0,0
A753;18/07/2019;21;20,8;24,4;20,8;56;56;41;11,7;11,7;10,4;949,9;949,9;949,7;0,9;82;3,1;93,18;0,0
A753;18/07/2019;16;25,6;26,8;24,7;37;41;34;10,0;10,7;9,2;950,9;951,6;950,9;2,3;355;6,3;2096,;0,0
A753;18/07/2019;10;13,6;14,3;13,4;71;72;69;8,4;8,9;8,3;950,8;950,8;950,1;1,5;130;4,8;1,510;0,0
A753;18/07/2019;13;22,1;22,1;19,6;47;54;47;10,3;10,5;9,6;952,5;952,6;952,4;2,6;52;7,7;1434,;0,0
A753;18/07/2019;11;16,4;16,4;13,6;63;73;63;9,4;9,7;8,5;951,6;951,6;950,8;1,7;65;5,0;292,4;0,0
A753;18/07/2019;14;24,3;24,4;22,0;41;47;41;10,3;10,5;9,7;952,3;952,6;952,3;2,7;32;7,7;2157,;0,0
A753;18/07/2019;15;24,9;25,6;24,0;40;42;38;10,3;10,8;9,8;951,6;952,3;951,6;3,1;61;7,0;2397,;0,0
A753;18/07/2019;12;19,6;19,6;16,4;54;64;54;10,0;10,2;9,3;952,4;952,4;951,6;2,7;51;6,6;1032,;0,0
A753;18/07/2019;22;18,6;21,0;18,6;64;64;55;11,6;11,9;11,1;950,3;950,4;949,8;1,6;127;4,2;-3,54;0,0
A753;18/07/2019;03;10,3;10,7;9,5;79;84;79;6,8;7,6;6,8;951,2;951,4;951,2;1,2;159;2,4;-3,54;0,0
A753;18/07/2019;04;10,2;10,8;10,1;80;81;78;6,8;7,4;6,6;950,8;951,2;950,8;2,1;152;3,1;-3,54;0,0
A753;18/07/2019;01;11,2;12,6;10,8;79;83;71;7,8;8,5;7,2;951,4;951,4;951,0;0,9;171;2,2;-3,54;0,0
A753;18/07/2019;19;26,5;27,5;26,1;31;36;31;8,2;10,2;8,2;949,5;949,5;949,4;1,9;124;5,1;1209,;0,0
A753;18/07/2019;20;24,4;26,7;24,4;41;42;31;10,3;10,5;8,3;949,7;949,7;949,4;1,8;84;3,5;455,6;0,0
A753;18/07/2019;02;10,0;11,2;10,0;82;83;79;7,1;7,9;7,1;951,4;951,5;951,3;1,9;164;2,4;-3,54;0,0
A753;18/07/2019;05;11,6;11,9;10,2;75;80;74;7,3;7,5;6,7;950,5;950,8;950,5;0,4;259;3,0;-3,54;0,0
A753;18/07/2019;18;27,0;27,8;26,3;33;35;32;9,3;10,1;9,0;949,5;950,1;949,5;2,3;64;4,8;1665,;0,0
A753;18/07/2019;06;10,3;11,7;9,5;81;82;73;7,2;7,6;6,1;949,9;950,5;949,9;1,5;190;2,4;-3,54;0,0
A753;18/07/2019;07;10,7;11,1;10,2;80;81;77;7,4;7,7;6,6;949,8;949,9;949,8;1,3;175;2,8;-3,54;0,0
A753;18/07/2019;08;14,2;14,7;10,7;70;81;68;8,8;9,3;7,4;949,7;949,8;949,6;1,8;148;5,6;-3,54;0,0
A753;19/07/2019;09;14,6;15,8;14,5;67;68;63;8,5;8,9;8,1;951,6;951,6;951,4;1,5;90;5,2;-3,54;0,0
A753;19/07/2019;01;17,1;18,0;16,7;67;69;64;10,9;11,2;10,9;951,5;951,5;951,3;1,9;121;4,3;-3,54;0,0
A753;19/07/2019;02;15,7;17,1;15,2;71;74;67;10,5;11,2;10,4;951,6;951,7;951,5;2,6;150;4,5;-3,54;0,0
A753;19/07/2019;03;15,3;15,7;14,6;74;76;71;10,7;11,0;10,2;951,5;951,7;951,5;1,5;115;3,6;-3,54;0,0
A753;19/07/2019;04;16,1;16,1;14,5;71;75;71;10,8;11,0;10,0;951,3;951,5;951,3;0,9;201;2,7;-3,54;0,0
A753;19/07/2019;05;16,8;17,4;15,9;63;71;62;9,8;10,8;9,7;950,9;951,3;950,9;2,2;107;6,1;-3,54;0,0
A753;19/07/2019;06;16,5;16,9;15,4;62;66;62;9,2;9,8;8,9;950,8;950,9;950,7;1,3;114;4,7;-3,54;0,0
A753;19/07/2019;07;14,1;16,5;14,1;68;68;62;8,4;9,2;8,4;951,3;951,3;950,8;0,9;199;4,7;-3,54;0,0
A753;19/07/2019;08;15,6;16,2;14,0;63;70;62;8,7;9,4;8,5;951,5;951,6;951,3;1,4;71;5,2;-3,54;0,0
A753;19/07/2019;10;14,6;15,3;14,0;68;69;64;8,6;8,7;8,0;952,3;952,3;951,6;2,3;110;3,8;2,992;0,0
A753;19/07/2019;11;17,1;17,1;14,6;60;68;60;9,2;9,2;8,6;952,9;952,9;952,3;2,6;75;5,1;295,3;0,0
A753;19/07/2019;12;19,7;20,0;17,1;50;60;49;9,0;9,8;8,8;953,6;953,6;952,9;1,7;19;6,6;1074,;0,0
A753;19/07/2019;13;22,1;22,1;19,7;44;50;44;9,3;9,5;8,6;953,8;953,9;953,6;3,0;34;6,6;1711,;0,0
A753;19/07/2019;14;23,6;24,5;22,0;40;44;38;9,2;10,0;8,7;953,5;953,9;953,5;2,9;38;6,9;2186,;0,0
A753;19/07/2019;15;25,1;25,5;23,5;36;40;34;8,9;9,9;8,3;952,7;953,5;952,7;2,3;4;6,4;2472,;0,0
A753;19/07/2019;16;25,9;26,2;24,6;33;37;32;8,5;9,1;7,7;951,4;952,7;951,4;2,1;64;7,0;2551,;0,0
A753;19/07/2019;17;26,7;26,8;25,3;30;34;30;7,7;8,6;7,1;950,5;951,4;950,5;1,8;50;7,0;2370,;0,0
A753;19/07/2019;18;26,6;26,9;25,8;30;32;29;7,7;8,2;7,1;949,8;950,5;949,8;1,9;341;5,9;2005,;0,0
A753;19/07/2019;19;26,2;26,9;26,0;31;31;29;7,7;8,1;6,8;949,5;949,9;949,5;1,9;41;5,4;1347,;0,0
A753;19/07/2019;21;21,4;25,2;21,4;47;47;34;9,5;9,6;8,2;950,5;950,5;949,9;1,6;72;3,3;113,1;0,0
A753;19/07/2019;20;25,1;26,2;25,1;35;35;30;8,5;8,7;7,2;949,9;949,9;949,5;1,1;40;4,4;738,0;0,0
A753;19/07/2019;22;16,7;21,4;16,7;63;63;47;9,6;9,7;9,4;950,9;950,9;950,5;1,3;160;2,9;-3,54;0,0
A753;19/07/2019;23;15,5;17,0;15,3;66;66;62;9,2;9,8;9,0;951,2;951,2;950,8;1,7;145;2,4;-3,54;0,0
A753;19/07/2019;00;18,0;18,6;18,0;64;65;63;11,2;11,7;11,1;951,3;951,4;951,1;2,3;117;4,4;-3,54;0,0
A753;20/07/2019;10;12,9;13,7;12,2;74;79;72;8,4;9,4;7,8;950,9;950,9;950,4;1,0;146;3,1;2,656;0,0
A753;20/07/2019;04;11,7;13,1;11,2;77;79;72;7,9;8,6;7,3;951,8;952,3;951,7;1,2;147;2,1;-3,54;0,0
A753;20/07/2019;01;13,8;14,8;13,2;72;73;69;8,7;9,1;8,1;952,2;952,3;951,9;1,0;155;2,3;-3,54;0,0
A753;20/07/2019;12;18,6;18,6;15,9;61;68;60;10,8;11,1;9,5;952,5;952,5;951,6;1,1;134;3,0;1124,;0,0
A753;20/07/2019;20;24,3;26,0;24,3;36;36;31;8,3;8,3;7,6;948,5;948,6;948,4;3,0;90;6,3;572,0;0,0
A753;20/07/2019;21;21,0;24,3;21,0;47;47;36;9,3;9,3;8,3;948,7;948,8;948,5;2,1;73;4,5;109,4;0,0
A753;20/07/2019;09;13,5;13,9;11,6;73;79;73;8,7;9,6;7,6;950,5;950,6;950,2;1,2;118;3,1;-3,54;0,0
A753;20/07/2019;07;10,4;11,1;9,0;83;85;80;7,6;7,9;6,0;950,6;950,8;950,5;0,9;183;1,9;-3,54;0,0
A753;20/07/2019;00;14,8;15,5;14,2;69;70;66;9,1;9,2;8,6;951,9;951,9;951,2;1,5;149;2,4;-3,54;0,0
A753;20/07/2019;13;22,2;22,5;18,6;45;61;44;9,7;11,0;9,7;952,6;952,6;952,5;2,3;33;6,6;1761,;0,0
A753;20/07/2019;06;10,8;11,1;10,0;81;86;80;7,6;8,4;7,2;950,8;951,3;950,8;0,4;220;2,8;-3,54;0,0
A753;20/07/2019;22;17,3;21,0;17,1;61;61;47;9,6;9,6;9,1;949,1;949,2;948,7;1,1;137;2,9;-3,54;0,0
A753;20/07/2019;05;10,1;11,8;8,9;85;90;76;7,7;8,1;6,1;951,3;951,8;951,3;1,1;159;2,3;-3,54;0,0
A753;20/07/2019;14;23,0;24,1;22,0;42;46;40;9,4;10,3;9,1;952,4;952,7;952,3;3,2;50;6,6;2241,;0,0
A753;20/07/2019;08;12,7;13,1;10,2;75;84;74;8,4;9,1;7,0;950,2;950,6;950,2;1,3;45;3,1;-3,54;0,0
A753;20/07/2019;15;24,7;25,0;23,0;37;42;36;9,0;9,7;8,3;951,3;952,4;951,3;2,9;13;7,4;2521,;0,0
A753;20/07/2019;16;26,2;26,5;24,5;31;38;31;7,9;9,6;7,6;950,3;951,3;950,3;2,5;36;6,3;2565,;0,0
A753;20/07/2019;23;15,7;17,3;15,7;66;67;60;9,4;9,8;9,3;949,5;949,5;949,0;1,5;120;2,3;-3,54;0,0
A753;20/07/2019;02;13,7;14,8;13,3;70;72;67;8,2;9,1;8,2;952,3;952,4;952,1;0,8;195;3,3;-3,54;0,0
A753;20/07/2019;03;12,8;14,2;12,3;74;75;68;8,3;8,8;7,7;952,2;952,3;952,2;0,9;148;2,3;-3,54;0,0
A753;20/07/2019;17;26,3;26,9;25,6;29;33;29;7,1;8,8;6,9;949,3;950,3;949,3;2,8;78;10,7;2406,;0,0
A753;20/07/2019;18;26,5;27,1;25,8;28;30;28;6,5;8,1;6,5;948,8;949,3;948,7;3,3;70;7,2;1893,;0,0
A753;20/07/2019;11;15,9;15,9;11,8;67;80;67;9,7;9,9;8,1;951,6;951,6;950,9;0,8;113;3,7;308,5;0,0
A753;20/07/2019;19;25,8;26,8;25,8;31;31;28;7,6;7,7;6,5;948,5;948,8;948,5;3,0;73;6,1;1252,;0,0
A753;21/07/2019;10;10,5;11,2;10,1;84;85;81;7,8;8,2;7,4;949,7;949,7;949,4;1,3;166;2,3;1,969;0,0
A753;21/07/2019;06;15,9;16,5;15,5;60;60;56;8,1;8,4;7,4;949,5;949,8;949,5;1,3;113;3,8;-3,54;0,0
A753;21/07/2019;12;19,4;19,5;15,2;59;74;59;11,1;11,5;10,2;951,2;951,2;950,5;1,9;42;4,8;1027,;0,0
A753;21/07/2019;13;22,3;23,3;19,4;49;59;46;11,0;11,7;10,5;951,3;951,5;951,1;3,3;1;6,9;1578,;0,0
A753;21/07/2019;14;23,3;24,5;22,0;47;49;43;11,2;11,5;10,6;951,1;951,4;951,1;4,1;341;8,7;1806,;0,0
A753;21/07/2019;20;24,5;26,1;24,5;43;43;38;11,0;11,0;10,5;948,5;948,5;948,4;0,9;36;5,0;543,2;0,0
A753;21/07/2019;18;25,1;25,6;25,0;39;40;36;10,3;10,4;9,5;948,5;949,0;948,5;2,8;335;7,1;884,6;0,0
A753;21/07/2019;15;25,2;25,8;23,3;40;47;40;10,8;11,6;10,6;950,3;951,1;950,3;2,6;18;8,7;2151,;0,0
A753;21/07/2019;02;15,5;16,7;15,3;67;67;64;9,3;9,9;9,2;950,2;950,2;950,1;1,8;174;4,4;-3,54;0,0
A753;21/07/2019;16;26,0;26,3;24,9;36;41;34;9,8;11,0;8,7;949,8;950,3;949,8;3,1;340;7,8;1897,;0,0
A753;21/07/2019;19;25,3;25,7;25,0;41;41;38;11,0;11,0;10,1;948,5;948,6;948,4;2,0;347;5,6;773,7;0,0
A753;21/07/2019;17;25,6;26,2;25,2;39;39;35;10,4;10,6;9,2;949,0;949,8;948,9;2,9;354;8,1;1457,;0,0
A753;21/07/2019;03;16,1;17,0;15,2;61;67;60;8,7;9,6;8,5;950,2;950,3;950,1;1,9;124;4,1;-3,54;0,0
A753;21/07/2019;07;13,5;16,1;13,5;69;69;60;7,8;8,5;7,8;949,4;949,6;949,3;1,2;134;4,2;-3,54;0,0
A753;21/07/2019;01;16,1;16,2;15,2;66;69;65;9,7;9,8;9,4;950,2;950,2;949,8;2,1;159;3,1;-3,54;0,0
A753;21/07/2019;08;11,9;13,4;11,9;76;76;69;7,8;8,6;7,7;949,2;949,5;949,2;0,6;150;2,4;-3,54;0,0
A753;21/07/2019;04;16,2;17,6;16,0;57;61;54;7,7;9,0;7,5;950,0;950,3;950,0;3,0;149;4,8;-3,54;0,0
A753;21/07/2019;00;15,7;15,8;15,0;67;70;66;9,6;9,8;9,3;949,8;949,8;949,5;1,2;145;2,7;-3,54;0,0
A753;21/07/2019;09;10,8;12,0;10,7;81;81;76;7,7;8,5;7,1;949,5;949,5;949,2;1,1;167;2,5;-3,54;0,0
A753;21/07/2019;23;16,9;18,9;16,1;71;73;63;11,7;11,9;11,0;949,5;949,5;948,5;0,9;192;2,7;-3,54;0,0
A753;21/07/2019;05;16,3;17,5;16,0;56;57;52;7,4;7,9;7,0;949,8;950,0;949,8;2,4;138;4,5;-3,54;0,0
A753;21/07/2019;21;21,6;24,5;21,6;54;54;43;12,0;12,0;10,9;948,6;948,7;948,5;0,7;10;2,6;93,87;0,0
A753;21/07/2019;22;18,9;21,7;18,9;63;63;54;11,8;12,1;11,7;948,6;948,7;948,5;0,5;34;2,0;-3,54;0,0
A753;21/07/2019;11;15,2;15,2;10,5;74;85;74;10,5;10,6;7,9;950,5;950,5;949,7;0,4;167;2,4;288,5;0,0
A753;22/07/2019;01;15,3;16,7;15,3;79;79;74;11,7;12,3;11,7;950,6;950,6;950,3;1,7;153;2,9;-3,44;0,0
A753;22/07/2019;23;17,0;18,5;17,0;70;70;63;11,5;11,8;11,1;950,1;950,1;949,6;1,1;119;2,1;-3,54;0,0
A753;22/07/2019;00;16,1;17,1;15,2;76;78;70;12,0;12,0;10,9;950,3;950,3;949,5;1,5;160;2,9;-3,48;0,0
A753;22/07/2019;03;15,4;17,5;14,8;80;81;71;12,0;12,3;11,3;950,6;951,1;950,6;0,8;204;2,3;-3,54;0,0
A753;22/07/2019;16;26,9;27,5;25,3;34;39;33;9,5;10,8;9,5;950,4;951,4;950,4;3,7;336;7,0;2147,;0,0
A753;22/07/2019;02;17,1;17,1;15,3;73;80;73;12,3;12,5;11,7;951,1;951,3;950,5;0,8;68;3,3;-3,54;0,0
A753;22/07/2019;17;27,1;27,8;26,6;33;35;32;9,4;10,5;9,2;949,3;950,4;949,3;2,5;352;7,0;2314,;0,0
A753;22/07/2019;18;27,5;28,3;27,0;31;34;30;9,0;10,3;8,7;949,0;949,4;949,0;2,1;11;5,9;2035,;0,0
A753;22/07/2019;04;18,6;18,8;15,3;64;80;64;11,8;12,4;11,6;950,0;950,6;949,9;2,0;46;5,9;-3,54;0,0
A753;22/07/2019;20;25,3;27,6;25,2;38;38;31;9,9;9,9;8,5;948,8;948,9;948,8;1,0;16;4,3;567,7;0,0
A753;22/07/2019;19;27,3;28,1;27,3;31;33;30;8,7;10,1;8,4;948,9;949,1;948,9;1,7;19;6,9;1298,;0,0
A753;22/07/2019;21;21,1;25,3;21,1;55;55;38;11,6;11,9;9,9;949,0;949,0;948,7;0,6;120;2,1;68,56;0,0
A753;22/07/2019;05;17,6;18,6;17,6;67;67;64;11,3;11,8;11,3;949,0;950,0;949,0;1,8;43;5,6;-3,54;0,0
A753;22/07/2019;06;16,7;17,8;16,6;68;68;65;10,8;11,3;10,7;949,5;949,5;948,8;1,2;102;5,2;-3,54;0,0
A753;22/07/2019;11;17,8;17,8;13,0;64;82;64;10,9;11,4;9,6;951,2;951,4;950,9;2,0;72;3,7;305,2;0,0
A753;22/07/2019;07;16,3;18,0;16,0;69;71;65;10,6;11,4;10,4;949,7;949,9;949,4;0,9;47;5,1;-3,54;0,0
A753;22/07/2019;08;15,4;16,3;15,4;73;74;69;10,7;10,9;10,6;949,9;949,9;949,6;0,6;62;2,2;-3,54;0,0
A753;22/07/2019;09;13,6;15,4;13,2;80;81;73;10,2;10,8;9,6;950,3;950,3;949,8;0,6;145;2,1;-3,54;0,0
A753;22/07/2019;10;13,8;15,7;13,2;79;82;72;10,3;11,4;9,7;950,9;950,9;950,3;0,9;169;4,6;1,972;0,0
A753;22/07/2019;22;18,4;21,1;18,0;64;64;55;11,4;12,3;10,8;949,6;949,6;949,0;1,1;171;3,1;-3,54;0,0
A753;22/07/2019;12;21,9;21,9;17,7;51;65;51;11,2;11,9;10,8;951,8;951,8;951,2;1,8;35;6,2;1105,;0,0
A753;22/07/2019;13;23,6;24,3;21,9;43;51;41;10,1;11,2;10,0;952,3;952,4;951,8;2,7;1;8,0;1698,;0,0
A753;22/07/2019;14;24,8;25,5;23,5;41;44;38;10,5;11,0;10,0;952,1;952,3;952,1;3,1;349;7,3;1946,;0,0
A753;22/07/2019;15;25,3;25,9;24,4;39;42;37;10,3;11,2;10,0;951,4;952,1;951,4;3,3;353;6,9;1826,;0,0
A753;23/07/2019;14;25,8;26,0;24,1;42;49;42;11,9;13,0;11,7;952,1;952,7;952,1;2,3;345;6,1;2238,;0,0
A753;23/07/2019;23;17,3;19,2;17,1;73;73;65;12,4;12,5;11,5;949,5;949,5;948,9;1,0;152;2,0;-3,54;0,0
A753;23/07/2019;06;14,4;14,9;13,2;78;82;77;10,7;11,4;9,8;950,6;950,8;950,6;1,3;189;2,7;-3,54;0,0
A753;23/07/2019;01;15,3;16,4;15,0;77;77;73;11,3;11,6;10,8;950,9;950,9;950,6;1,9;151;2,5;-3,54;0,0
A753;23/07/2019;16;25,7;27,5;25,5;40;41;34;11,0;11,6;9,2;950,3;951,2;950,3;2,3;315;6,9;1986,;0,0
A753;23/07/2019;00;16,3;17,0;15,9;73;75;70;11,4;11,8;11,2;950,6;950,6;950,1;1,4;141;2,2;-3,54;0,0
A753;23/07/2019;10;12,6;13,0;11,9;84;85;80;9,9;10,4;8,8;951,6;951,6;951,2;1,1;172;2,7;3,953;0,0
A753;23/07/2019;07;14,0;15,6;13,6;79;79;73;10,5;11,0;9,8;950,8;950,8;950,6;0,8;179;2,7;-3,54;0,0
A753;23/07/2019;02;15,3;15,8;14,9;76;78;74;11,1;11,4;10,8;951,3;951,4;950,9;2,2;162;3,0;-3,54;0,0
A753;23/07/2019;19;27,7;28,7;27,2;33;35;32;10,1;11,2;9,7;948,1;948,3;948,1;2,2;318;5,7;1221,;0,0
A753;23/07/2019;17;28,0;28,0;25,7;36;40;35;11,6;11,9;10,4;949,2;950,3;949,2;2,1;357;6,1;2356,;0,0
A753;23/07/2019;08;14,0;14,4;13,1;78;82;77;10,2;10,6;9,6;950,9;950,9;950,7;1,7;184;3,0;-3,54;0,0
A753;23/07/2019;18;28,1;28,4;26,5;35;40;34;11,1;12,0;10,4;948,3;949,2;948,3;2,1;344;4,5;1399,;0,0
A753;23/07/2019;15;26,8;26,8;25,5;37;43;36;11,1;12,5;9,9;951,2;952,1;951,2;2,9;318;6,6;2531,;0,0
A753;23/07/2019;11;17,5;17,5;12,4;70;85;70;11,9;12,1;9,8;952,1;952,1;951,6;2,3;75;3,5;310,7;0,0
A753;23/07/2019;03;16,6;16,6;14,7;73;78;73;11,7;11,7;10,6;951,0;951,3;951,0;1,2;160;3,3;-3,54;0,0
A753;23/07/2019;13;24,2;24,2;21,1;49;60;49;12,8;13,4;12,3;952,7;952,8;952,6;2,0;17;7,2;1761,;0,0
A753;23/07/2019;09;12,7;14,0;12,7;80;82;77;9,4;10,5;9,4;951,3;951,3;950,9;0,6;158;2,9;-3,54;0,0
A753;23/07/2019;05;14,4;15,4;14,1;79;80;76;10,9;11,4;10,4;950,7;950,9;950,7;2,0;170;2,8;-3,54;0,0
A753;23/07/2019;22;19,0;24,2;18,4;66;67;45;12,5;12,5;11,4;948,9;949,0;948,6;0,6;159;2,5;-3,54;0,0
A753;23/07/2019;21;24,2;27,4;24,1;45;45;35;11,6;11,6;10,4;948,6;948,6;948,4;1,0;323;3,8;136,5;0,0
A753;23/07/2019;20;27,4;28,7;27,4;35;35;32;10,6;10,9;10,1;948,4;948,4;948,1;1,8;334;4,1;796,0;0,0
A753;23/07/2019;12;21,2;21,2;17,5;58;70;58;12,7;13,1;11,9;952,6;952,6;952,1;2,5;53;5,6;1133,;0,0
A753;23/07/2019;04;14,9;17,0;14,0;78;80;71;11,2;11,9;10,3;950,9;951,1;950,8;1,9;181;2,9;-3,54;0,0
A753;24/07/2019;20;28,4;29,8;28,4;33;33;30;10,5;11,2;10,2;947,8;947,8;947,5;2,3;333;5,3;803,9;0,0
A753;24/07/2019;21;24,4;28,4;24,2;47;47;33;12,4;12,4;10,5;948,2;948,2;947,8;0,6;327;4,2;91,97;0,0
A753;24/07/2019;00;16,3;17,3;15,0;76;80;73;12,1;12,6;11,1;950,0;950,0;949,5;1,8;184;2,4;-3,54;0,0
A753;24/07/2019;01;17,0;17,1;14,9;74;81;74;12,3;12,5;11,4;950,3;950,3;950,0;1,5;160;3,2;-3,54;0,0
A753;24/07/2019;02;15,6;17,0;15,2;79;80;74;12,0;12,3;11,5;950,4;950,4;950,3;1,4;181;2,9;-3,54;0,0
A753;24/07/2019;03;16,9;16,9;15,6;76;79;75;12,6;12,6;11,6;950,6;950,6;950,4;1,4;157;2,4;-3,54;0,0
A753;24/07/2019;04;15,3;17,0;15,3;78;79;74;11,5;12,7;11,5;950,4;950,6;950,4;2,1;149;2,5;-3,54;0,0
A753;24/07/2019;05;15,6;15,7;14,5;79;82;78;12,0;12,3;11,1;950,1;950,4;950,1;0,6;199;2,5;-3,54;0,0
A753;24/07/2019;12;22,2;22,3;17,9;56;71;56;13,2;13,8;11,9;951,1;951,2;950,9;0,9;78;2,0;1117,;0,0
A753;24/07/2019;08;14,6;14,6;10,8;81;92;81;11,4;11,7;9,1;949,7;949,8;949,6;0,3;175;2,0;-3,54;0,0
A753;24/07/2019;09;13,1;15,0;11,6;84;88;77;10,5;11,6;8,9;949,8;949,8;949,5;1,9;182;2,5;-3,54;0,0
A753;24/07/2019;10;13,7;14,2;12,7;82;86;80;10,6;11,4;9,9;950,3;950,3;949,8;1,1;158;2,4;4,742;0,0
A753;24/07/2019;11;17,9;18,0;13,1;71;84;70;12,5;12,8;9,9;950,9;950,9;950,3;0,8;101;1,8;312,1;0,0
A753;24/07/2019;13;26,9;26,9;22,2;43;58;42;13,1;14,1;11,9;951,1;951,1;951,0;1,5;18;6,3;1746,;0,0
A753;24/07/2019;14;27,9;28,4;26,8;34;43;34;10,6;12,9;10,5;950,6;951,1;950,6;2,1;25;6,3;2226,;0,0
A753;24/07/2019;15;28,2;28,7;27,5;32;35;31;10,0;11,3;9,3;949,8;950,6;949,8;2,7;5;7,4;2504,;0,0
A753;24/07/2019;16;29,0;29,3;27,8;31;33;31;10,3;11,1;9,6;949,2;949,8;949,1;1,9;360;5,9;2493,;0,0
A753;24/07/2019;18;29,1;29,8;28,9;32;32;30;10,8;11,1;10,2;947,6;948,3;947,6;2,0;3;6,0;1992,;0,0
A753;24/07/2019;07;12,1;13,3;11,1;91;92;85;10,7;11,2;9,5;949,6;949,8;949,5;1,1;160;2,7;-3,54;0,0
A753;24/07/2019;06;12,8;15,6;12,2;88;89;79;10,8;12,0;9,7;949,8;950,1;949,7;1,4;194;2,7;-3,54;0,0
A753;24/07/2019;19;29,8;30,6;28,5;31;34;30;10,7;11,4;10,2;947,5;947,6;947,4;1,3;349;4,9;1370,;0,0
A753;24/07/2019;17;29,2;29,8;28,3;31;33;30;10,3;11,2;10,0;948,2;949,2;948,2;3,2;327;6,4;2381,;0,0
A753;24/07/2019;22;20,3;24,4;20,2;63;65;47;12,9;13,6;12,2;948,5;948,5;948,2;0,7;179;1,6;-3,54;0,0
A753;24/07/2019;23;18,4;20,3;18,1;70;71;63;12,9;13,4;12,5;948,7;948,7;948,5;0,9;182;1,7;-3,54;0,0
A753;25/07/2019;00;18,1;18,7;17,8;72;73;70;12,9;13,3;12,6;949,2;949,2;948,7;1,1;152;2,0;-3,51;0,0
A753;25/07/2019;13;26,7;27,0;24,0;39;52;39;11,7;13,5;11,4;951,3;951,5;951,1;2,3;43;5,8;1788,;0,0
A753;25/07/2019;17;28,9;30,0;28,3;31;33;30;10,3;11,3;9,9;948,1;948,9;948,1;3,0;57;7,5;1960,;0,0
A753;25/07/2019;07;14,3;14,6;14,1;87;87;85;12,1;12,3;11,8;949,1;949,2;949,1;1,3;183;1,7;-3,09;0,0
A753;25/07/2019;10;13,6;13,8;12,9;88;90;87;11,6;11,8;11,2;949,9;949,9;949,3;1,4;176;2,2;4,414;0,0
A753;25/07/2019;11;19,1;19,1;13,6;69;88;68;13,2;13,8;11,7;950,4;950,4;949,9;1,3;148;2,5;404,0;0,0
A753;25/07/2019;16;29,1;29,9;27,9;32;35;30;10,9;11,4;9,9;948,9;950,0;948,9;2,8;34;5,9;1869,;0,0
A753;25/07/2019;15;28,2;29,5;27,7;33;36;31;10,3;11,3;10,1;950,0;950,8;950,0;2,3;46;5,3;2283,;0,0
A753;25/07/2019;14;28,1;28,8;26,5;33;41;33;10,4;12,4;10,4;950,8;951,3;950,8;2,1;28;6,0;2217,;0,0
A753;25/07/2019;06;14,3;14,5;13,9;86;89;85;12,1;12,5;11,9;949,2;949,3;949,1;0,6;184;1,3;-3,44;0,0
A753;25/07/2019;05;14,5;16,7;14,5;85;86;76;12,1;13,1;11,5;949,3;949,6;949,3;0,5;139;1,2;-3,47;0,0
A753;25/07/2019;02;17,3;19,0;17,3;74;74;69;12,6;13,3;12,5;949,8;949,8;949,5;1,0;186;2,3;-3,54;0,0
A753;25/07/2019;23;17,6;19,2;17,6;66;66;57;11,2;11,2;10,4;949,3;949,3;948,5;1,3;161;2,1;-3,54;0,0
A753;25/07/2019;12;24,0;24,0;19,1;52;69;51;13,4;13,7;12,9;951,1;951,1;950,4;1,5;156;2,8;1167,;0,0
A753;25/07/2019;03;17,0;17,4;16,4;77;78;74;12,8;13,0;12,3;949,7;949,8;949,7;1,0;188;2,5;-3,54;0,0
A753;25/07/2019;08;13,8;14,3;13,6;88;88;86;11,8;12,2;11,4;948,9;949,1;948,9;1,3;155;1,9;-3,54;0,0
A753;25/07/2019;20;27,7;28,8;27,7;32;32;30;9,5;9,8;9,1;947,2;947,2;946,9;3,6;68;7,8;733,0;0,0
A753;25/07/2019;09;12,9;13,9;12,8;90;90;88;11,2;12,0;11,0;949,3;949,3;948,8;0,8;164;2,2;-3,54;0,0
A753;25/07/2019;04;16,3;17,1;14,5;81;85;75;13,0;13,0;11,7;949,6;949,7;949,6;0,5;208;1,9;-3,54;0,0
A753;25/07/2019;21;23,3;27,7;23,3;45;45;32;10,7;10,7;9,5;948,0;948,0;947,2;1,8;66;5,7;78,37;0,0
A753;25/07/2019;22;19,2;23,3;19,2;57;57;45;10,6;11,0;10,4;948,5;948,5;948,0;1,0;179;2,7;-3,54;0,0
A753;25/07/2019;19;28,7;29,5;28,7;30;30;28;9,3;9,9;9,0;946,9;947,4;946,9;4,5;61;7,3;1318,;0,0
A753;25/07/2019;18;29,5;30,0;28,3;28;32;28;9,1;10,7;9,1;947,4;948,1;947,4;2,4;30;6,6;1509,;0,0
A753;25/07/2019;01;18,3;18,5;17,9;72;73;71;13,2;13,3;12,9;949,5;949,5;949,2;1,1;193;2,1;-3,52;0,0
A753;26/07/2019;02;15,9;17,3;15,4;70;72;64;10,4;10,9;10,0;950,4;950,4;950,2;2,1;161;3,2;-3,54;0,0
A753;26/07/2019;23;19,0;19,9;18,9;59;59;55;10,8;10,8;10,5;951,5;951,5;951,0;1,7;147;2,6;-3,54;0,0
A753;26/07/2019;20;28,1;28,9;27,7;29;29;26;8,2;8,3;7,4;949,9;949,9;949,4;2,8;73;5,0;661,8;0,0
A753;26/07/2019;22;19,8;23,9;19,7;55;56;41;10,6;10,8;9,4;951,0;951,0;950,5;1,2;166;2,2;-3,54;0,0
A753;26/07/2019;01;17,3;17,6;17,0;64;68;64;10,4;11,2;10,4;950,2;950,2;949,8;1,7;178;2,8;-3,54;0,0
A753;26/07/2019;19;28,4;29,2;27,6;27;30;25;7,6;8,6;6,9;949,5;949,7;949,4;2,2;53;5,4;1036,;0,0
A753;26/07/2019;04;15,1;15,7;14,9;73;73;71;10,3;10,6;9,9;950,2;950,4;950,2;1,8;164;3,0;-3,54;0,0
A753;26/07/2019;05;14,3;15,3;13,8;75;78;72;10,0;10,5;9,5;950,1;950,2;950,1;1,5;167;2,6;-3,54;0,0
A753;26/07/2019;03;15,2;16,2;15,2;71;72;69;10,0;10,7;10,0;950,4;950,4;950,3;1,7;155;3,2;-3,54;0,0
A753;26/07/2019;00;17,1;17,6;16,4;68;72;66;11,2;11,6;10,9;949,9;949,9;949,3;1,7;163;2,8;-3,54;0,0
A753;26/07/2019;07;14,5;15,9;13,2;74;78;69;9,8;10,7;8,7;949,8;949,9;949,8;1,1;185;2,5;-3,53;0,0
A753;26/07/2019;06;13,9;14,6;12,6;77;81;74;9,9;10,5;9,1;949,9;950,1;949,9;1,6;174;2,8;-3,54;0,0
A753;26/07/2019;08;13,7;15,4;13,7;74;76;72;9,2;10,5;9,2;950,0;950,0;949,7;1,6;171;2,4;-3,54;0,0
A753;26/07/2019;09;15,0;15,2;13,1;75;79;74;10,7;11,0;9,1;950,5;950,5;950,0;1,6;177;2,9;-3,46;0,0
A753;26/07/2019;10;17,3;17,5;15,0;69;76;68;11,5;11,9;10,7;951,0;951,0;950,5;1,5;158;3,2;6,355;0,0
A753;26/07/2019;13;26,0;26,0;23,4;40;49;40;11,3;12,1;11,3;952,3;952,4;952,2;3,5;52;8,2;1208,;0,0
A753;26/07/2019;11;20,8;20,8;17,1;56;70;55;11,6;12,4;11,2;951,6;951,6;951,0;1,1;81;2,8;193,4;0,0
A753;26/07/2019;12;23,4;23,4;20,7;48;58;48;11,9;12,7;11,3;952,2;952,2;951,6;2,4;49;5,6;668,4;0,0
A753;26/07/2019;21;23,8;28,1;23,8;41;41;28;9,8;9,8;7,9;950,5;950,5;949,9;0,7;40;5,0;122,0;0,0
A753;26/07/2019;18;28,0;29,8;27,8;28;28;25;7,8;8,1;6,9;949,7;950,1;949,7;2,4;69;7,0;1480,;0,0
A753;26/07/2019;16;29,9;30,7;28,2;24;27;23;7,1;8,0;6,0;950,8;951,5;950,8;2,6;49;6,2;2616,;0,0
A753;26/07/2019;14;28,2;28,7;26,0;29;41;28;8,5;11,8;8,1;952,1;952,3;952,1;4,1;51;8,5;1825,;0,0
A753;26/07/2019;15;29,4;30,1;27,9;24;29;24;6,9;9,4;6,5;951,5;952,1;951,5;2,4;30;9,0;2634,;0,0
A753;26/07/2019;17;29,3;31,0;28,6;25;26;23;7,0;8,5;6,2;950,1;950,8;950,1;2,1;62;6,4;2673,;0,0
A753;27/07/2019;08;14,8;15,7;13,9;66;71;64;8,5;9,2;8,5;951,7;951,7;951,4;1,0;200;2,1;-3,54;0,0
A753;27/07/2019;01;18,2;18,3;17,3;62;64;61;10,7;11,0;10,3;952,2;952,2;951,8;1,6;167;2,5;-3,54;0,0
A753;27/07/2019;15;28,1;28,4;26,4;27;29;26;7,3;7,7;6,5;952,6;953,3;952,6;1,5;346;6,9;2482,;0,0
A753;27/07/2019;06;14,5;16,5;14,3;69;71;65;8,8;9,9;8,8;951,9;952,0;951,8;1,3;161;4,2;-3,54;0,0
A753;27/07/2019;02;16,5;18,2;16,5;67;67;62;10,3;10,9;10,2;952,1;952,3;952,1;1,4;165;3,1;-3,54;0,0
A753;27/07/2019;00;17,9;19,0;17,9;63;63;59;10,7;11,0;10,5;951,8;951,8;951,5;1,4;140;2,8;-3,54;0,0
A753;27/07/2019;10;14,0;14,6;12,3;68;76;67;8,2;8,8;7,3;952,5;952,5;952,1;1,2;179;2,6;5,868;0,0
A753;27/07/2019;07;14,7;15,7;13,4;70;73;66;9,2;9,7;8,5;951,6;951,9;951,6;0,9;186;4,2;-3,54;0,0
A753;27/07/2019;09;14,2;15,5;14,0;68;69;65;8,4;9,2;8,2;952,1;952,1;951,7;1,2;177;2,5;-3,54;0,0
A753;27/07/2019;17;28,6;29,1;27,9;24;27;24;6,4;7,9;6,1;950,1;951,3;950,1;2,8;53;9,3;2396,;0,0
A753;27/07/2019;16;28,2;28,6;27,5;27;28;25;7,4;7,6;6,3;951,3;952,6;951,3;2,7;124;9,0;2548,;0,0
A753;27/07/2019;18;29,2;29,5;28,1;24;26;22;6,3;7,3;5,2;949,5;950,1;949,5;2,4;20;8,2;2043,;0,0
A753;27/07/2019;12;21,9;22,0;18,1;41;57;41;8,0;9,8;8,0;953,6;953,6;953,1;0,8;126;2,2;1131,;0,0
A753;27/07/2019;19;28,9;29,8;28,4;21;24;21;4,6;6,9;4,6;949,2;949,5;949,2;1,8;37;6,9;1478,;0,0
A753;27/07/2019;11;18,1;18,1;13,2;57;73;56;9,3;10,0;8,0;953,1;953,1;952,5;1,4;182;2,2;338,9;0,0
A753;27/07/2019;14;27,2;27,4;25,2;28;34;28;7,2;8,4;6,7;953,3;953,7;953,3;2,6;37;5,7;2213,;0,0
A753;27/07/2019;03;16,6;18,0;16,2;65;68;61;10,0;10,9;9,8;952,1;952,1;952,0;0,9;203;2,6;-3,54;0,0
A753;27/07/2019;23;16,6;18,5;15,3;58;65;51;8,3;9,1;8,0;950,8;950,8;950,2;0,8;163;2,9;-3,54;0,0
A753;27/07/2019;13;25,2;25,6;21,9;33;43;32;7,8;8,7;7,4;953,7;953,8;953,6;2,2;46;5,2;1754,;0,0
A753;27/07/2019;21;22,9;28,4;22,5;37;37;22;7,3;7,3;5,0;949,8;949,8;949,3;0,3;191;3,3;139,2;0,0
A753;27/07/2019;05;15,1;16,8;14,9;68;69;62;9,3;9,9;9,0;951,8;951,9;951,7;1,2;182;2,3;-3,54;0,0
A753;27/07/2019;04;16,0;16,7;15,4;67;68;65;9,8;10,0;9,4;951,8;952,1;951,8;1,0;194;2,1;-3,54;0,0
A753;27/07/2019;22;18,3;22,8;18,3;51;51;36;8,0;8,2;6,5;950,2;950,2;949,8;1,2;154;1,9;-3,54;0,0
A753;27/07/2019;20;28,5;29,1;28,2;22;23;20;4,5;5,5;3,5;949,3;949,3;949,2;0,8;21;4,9;802,5;0,0
A753;28/07/2019;05;13,4;14,1;12,8;67;69;64;7,4;7,8;7,0;950,9;951,3;950,9;0,9;181;2,8;-3,54;0,0
A753;28/07/2019;11;14,3;14,3;9,2;72;85;72;9,3;9,3;6,5;951,7;951,9;951,4;1,0;148;2,0;355,0;0,0
A753;28/07/2019;02;13,8;15,8;13,8;64;64;56;7,1;7,3;6,8;951,7;951,8;951,7;1,2;178;1,9;-3,54;0,0
A753;28/07/2019;01;15,4;15,5;15,0;57;61;57;6,9;7,7;6,8;951,7;951,7;951,3;1,1;145;2,3;-3,54;0,0
A753;28/07/2019;03;14,3;15,3;13,1;62;66;59;7,2;7,7;6,9;951,6;951,7;951,6;1,1;188;1,8;-3,54;0,0
A753;28/07/2019;04;14,0;16,0;14,0;64;64;58;7,2;7,8;7,0;951,2;951,6;951,2;1,2;202;2,0;-3,54;0,0
A753;28/07/2019;06;11,7;13,7;11,3;75;76;66;7,5;7,7;6,8;950,7;950,9;950,7;1,2;153;2,2;-3,54;0,0
A753;28/07/2019;07;9,9;11,9;9,9;79;79;73;6,4;7,5;6,4;950,4;950,7;950,4;0,9;181;2,2;-3,54;0,0
A753;28/07/2019;12;21,6;21,6;14,3;47;72;46;9,6;9,8;9,0;952,1;952,2;951,7;0,5;168;2,8;1163,;0,0
A753;28/07/2019;08;9,8;10,4;9,5;83;83;79;7,1;7,3;6,4;950,4;950,5;950,4;1,5;173;2,0;-3,54;0,0
A753;28/07/2019;09;8,7;9,9;8,7;84;85;82;6,3;7,3;6,2;950,8;950,8;950,4;1,5;155;2,1;-3,54;0,0
A753;28/07/2019;10;9,7;9,7;8,6;83;87;83;7,0;7,2;6,1;951,4;951,4;950,8;0,6;133;2,2;5,602;0,0
A753;28/07/2019;13;26,1;26,4;21,6;29;47;29;6,4;9,7;6,4;952,3;952,3;952,1;2,0;15;5,8;1774,;0,0
A753;28/07/2019;14;26,7;27,5;25,9;26;30;25;5,5;7,7;5,3;952,1;952,4;952,1;2,8;31;8,1;2278,;0,0
A753;28/07/2019;15;27,0;27,8;26,5;27;28;25;6,4;6,9;5,2;951,2;952,1;951,2;2,6;38;9,0;2566,;0,0
A753;28/07/2019;16;27,2;28,3;26,9;27;28;25;6,3;7,2;5,7;950,0;951,2;950,0;2,7;58;7,8;2585,;0,0
A753;28/07/2019;17;27,1;28,6;27,1;28;28;25;6,9;7,5;6,3;949,0;950,0;949,0;3,8;55;7,3;2458,;0,0
A753;28/07/2019;18;28,1;28,4;26,7;27;29;27;7,1;7,8;6,6;948,0;949,0;948,0;1,9;341;7,3;1584,;0,0
A753;28/07/2019;19;27,9;28,3;27,6;27;28;26;7,0;7,8;6,9;947,9;948,0;947,6;1,7;55;6,7;1566,;0,0
A753;28/07/2019;22;19,3;22,2;19,0;52;52;41;9,1;9,2;8,2;949,1;949,1;948,5;1,1;98;2,1;-3,54;0,0
A753;28/07/2019;20;27,3;28,2;27,1;29;30;26;7,9;8,0;6,8;948,1;948,1;947,8;1,0;36;5,1;797,2;0,0
A753;28/07/2019;23;19,9;20,3;19,2;51;54;48;9,4;9,8;8,9;949,7;949,7;949,1;1,2;143;2,8;-3,54;0,0
A753;28/07/2019;00;15,4;17,2;15,1;60;62;55;7,6;8,2;7,6;951,3;951,3;950,8;1,5;172;2,8;-3,54;0,0
A753;28/07/2019;21;22,2;27,3;22,2;41;41;29;8,5;8,5;7,6;948,5;948,5;948,1;1,1;52;3,8;123,8;0,0
A753;29/07/2019;22;20,5;23,3;20,5;53;53;44;10,7;11,1;10,5;948,3;948,3;947,8;1,3;155;2,1;-3,54;0,0
A753;29/07/2019;18;27,7;28,6;27,5;27;28;24;7,2;7,6;5,9;947,4;947,8;947,4;1,4;22;4,9;1320,;0,0
A753;29/07/2019;21;23,3;27,3;23,3;44;44;31;10,4;10,4;8,5;947,8;947,8;947,5;0,6;40;4,6;98,19;0,0
A753;29/07/2019;12;22,2;22,2;20,4;47;51;46;10,4;10,4;9,6;950,5;950,5;950,0;1,1;25;4,9;472,5;0,0
A753;29/07/2019;14;25,8;25,8;24,1;37;41;36;10,0;10,4;9,4;950,7;951,1;950,7;2,8;80;6,8;1471,;0,0
A753;29/07/2019;08;16,1;16,4;15,2;65;70;64;9,4;9,9;9,4;948,7;948,8;948,7;0,9;151;2,6;-3,26;0,0
A753;29/07/2019;15;26,4;27,1;25,6;35;38;34;9,6;10,3;9,3;949,9;950,7;949,9;4,2;60;7,8;2091,;0,0
A753;29/07/2019;13;24,3;24,3;22,2;41;48;40;10,0;10,8;9,7;950,8;950,9;950,5;2,3;56;6,6;964,0;0,0
A753;29/07/2019;16;27,3;28,7;26,4;32;35;30;9,1;10,5;8,7;948,8;949,9;948,8;2,3;9;6,4;2497,;0,0
A753;29/07/2019;19;27,9;29,1;27,5;27;29;25;7,1;8,4;6,6;947,2;947,4;947,1;1,0;20;4,7;1309,;0,0
A753;29/07/2019;05;15,3;15,7;13,5;64;68;62;8,5;8,6;7,5;948,9;949,2;948,8;0,9;189;2,5;-3,52;0,0
A753;29/07/2019;17;28,5;29,1;27,3;25;32;22;6,6;9,5;4,7;947,7;948,8;947,7;1,8;334;5,8;1667,;0,0
A753;29/07/2019;02;16,6;17,7;16,1;58;60;56;8,4;9,0;8,1;950,0;950,1;949,9;2,2;169;2,9;-3,54;0,0
A753;29/07/2019;00;19,4;19,9;18,7;53;57;50;9,7;10,1;9,3;950,0;950,0;949,7;1,7;108;3,7;-3,51;0,0
A753;29/07/2019;04;15,3;16,9;15,3;62;62;57;8,0;8,7;8,0;949,2;949,5;949,2;1,4;149;3,3;-3,54;0,0
A753;29/07/2019;01;17,6;19,4;17,5;57;57;52;8,9;9,9;8,9;950,0;950,0;949,9;1,0;151;3,1;-3,54;0,0
A753;29/07/2019;07;15,7;15,8;15,4;68;71;65;9,8;10,1;9,3;948,8;948,9;948,6;1,6;191;2,6;-2,16;0,0
A753;29/07/2019;09;17,8;17,8;16,1;58;65;58;9,5;9,8;9,3;949,1;949,1;948,7;1,1;179;3,1;-2,32;0,0
A753;29/07/2019;23;19,7;20,7;19,7;58;58;53;11,1;11,2;10,7;948,8;948,8;948,3;1,1;140;2,5;-3,54;0,0
A753;29/07/2019;03;16,8;17,5;16,1;58;59;56;8,4;8,6;8,1;949,5;950,0;949,5;1,6;150;3,5;-3,54;0,0
A753;29/07/2019;10;19,6;20,0;17,8;51;58;49;9,3;9,6;9,0;949,5;949,5;949,1;1,6;108;5,4;3,197;0,0
A753;29/07/2019;20;27,3;28,0;27,0;31;31;27;8,6;8,7;6,8;947,5;947,5;947,2;0,9;15;2,9;497,5;0,0
A753;29/07/2019;06;15,7;16,1;14,3;66;69;62;9,3;9,7;8,6;948,7;948,9;948,6;0,4;118;2,0;-1,49;0,0
A753;29/07/2019;11;20,4;20,4;19,4;50;52;49;9,7;9,8;9,2;950,0;950,0;949,5;1,6;75;4,5;167,2;0,0
A753;30/07/2019;01;17,1;18,1;17,0;66;67;63;10,8;11,1;10,5;949,3;949,3;949,0;1,3;153;3,2;-3,54;0,0
A753;30/07/2019;23;19,3;20,2;18,9;62;63;57;11,8;12,0;11,1;947,1;947,1;946,6;0,8;124;1,7;-3,46;0,0
A753;30/07/2019;03;16,3;18,1;16,3;66;66;62;10,0;11,0;9,9;949,0;949,2;949,0;1,3;157;5,0;-3,54;0,0
A753;30/07/2019;04;15,5;16,3;15,1;69;71;66;9,9;10,4;9,8;948,5;949,0;948,5;1,5;175;2,2;-3,54;0,0
A753;30/07/2019;21;24,1;29,2;24,1;43;43;28;10,6;10,6;8,8;946,2;946,2;945,8;0,3;260;3,4;112,3;0,0
A753;30/07/2019;22;19,6;24,1;19,6;59;59;43;11,3;11,4;10,2;946,6;946,6;946,2;0,8;77;1,3;-3,54;0,0
A753;30/07/2019;05;16,1;16,6;15,4;67;70;66;10,0;10,4;9,9;947,9;948,5;947,9;2,3;170;3,2;-3,54;0,0
A753;30/07/2019;20;29,2;30,5;28,8;28;30;25;8,7;9,4;8,1;945,8;945,8;945,7;1,4;240;3,2;725,1;0,0
A753;30/07/2019;12;24,3;24,3;19,4;38;55;38;9,0;10,3;9,0;949,4;949,4;948,7;1,8;86;2,9;1184,;0,0
A753;30/07/2019;06;15,7;17,2;15,2;68;69;64;9,8;10,4;9,3;947,4;947,9;947,4;1,6;184;3,2;-3,54;0,0
A753;30/07/2019;07;15,5;16,2;14,7;68;71;66;9,7;10,1;8,9;947,0;947,4;947,0;1,9;173;3,0;-3,54;0,0
A753;30/07/2019;08;14,9;16,0;14,5;69;70;66;9,3;9,8;8,9;947,1;947,1;946,9;1,9;180;2,7;-3,54;0,0
A753;30/07/2019;09;14,5;15,2;13,9;69;70;66;8,8;9,4;8,3;947,7;947,7;947,1;1,6;178;3,1;-3,54;0,0
A753;30/07/2019;10;16,4;16,4;14,4;62;69;62;9,1;9,5;8,7;948,1;948,1;947,7;1,0;85;2,4;8,893;0,0
A753;30/07/2019;13;26,6;26,7;24,3;34;38;33;9,4;9,6;8,4;949,5;949,6;949,4;3,2;351;5,6;1692,;0,0
A753;30/07/2019;11;19,4;19,4;16,1;54;64;53;9,7;10,0;9,0;948,7;948,7;948,1;1,7;112;2,9;360,2;0,0
A753;30/07/2019;14;27,8;28,5;26,7;30;34;29;8,7;9,6;8,5;949,2;949,5;949,2;3,0;331;6,6;2231,;0,0
A753;30/07/2019;15;29,4;29,4;27,8;29;31;29;9,7;9,7;8,6;948,5;949,2;948,5;2,9;323;7,0;2511,;0,0
A753;30/07/2019;16;29,0;30,3;28,4;28;30;24;8,6;9,8;7,2;947,5;948,5;947,5;2,6;285;6,5;2402,;0,0
A753;30/07/2019;17;30,3;31,1;28,8;25;28;24;8,1;9,4;7,1;946,4;947,5;946,4;2,6;261;7,8;2279,;0,0
A753;30/07/2019;18;30,7;31,0;28,7;24;29;24;7,9;9,3;7,7;946,0;946,5;946,0;1,7;233;6,6;1203,;0,0
A753;30/07/2019;02;17,3;18,1;17,1;64;66;62;10,4;10,9;10,3;949,2;949,3;949,1;0,6;179;2,3;-3,54;0,0
A753;30/07/2019;00;18,0;19,7;17,9;63;63;58;10,8;11,3;10,7;949,0;949,0;948,8;1,1;150;2,5;-3,54;0,0
A753;30/07/2019;19;28,8;31,3;28,6;29;30;24;9,0;9,1;7,7;945,8;946,0;945,8;0,4;270;4,7;641,8;0,0
A753;31/07/2019;13;24,9;25,0;21,5;46;57;46;12,6;13,2;11,9;949,3;949,3;949,2;1,3;288;3,0;1747,;0,0
A753;31/07/2019;14;27,1;28,0;24,9;36;46;36;10,9;12,8;10,9;948,9;949,3;948,9;1,8;275;4,1;2235,;0,0
A753;31/07/2019;23;19,6;21,3;19,3;53;53;46;9,7;9,7;8,6;946,5;946,5;946,0;0,8;27;2,8;-3,54;0,0
A753;31/07/2019;19;29,8;30,6;29,4;22;24;21;5,8;6,9;5,0;945,5;945,7;945,5;1,7;333;5,5;1531,;0,0
A753;31/07/2019;20;29,1;30,4;29,1;24;24;20;6,4;6,5;4,8;945,4;945,5;945,4;1,2;307;3,7;817,5;0,0
A753;31/07/2019;08;14,6;14,6;13,8;81;83;80;11,4;11,5;10,6;946,9;946,9;946,7;1,6;174;2,4;-3,54;0,0
A753;31/07/2019;16;30,0;30,3;28,4;26;31;22;8,2;10,8;6,1;947,4;948,2;947,4;2,0;222;5,6;2529,;0,0
A753;31/07/2019;01;19,4;22,0;19,4;61;61;50;11,8;12,0;10,7;948,2;948,2;947,7;2,0;120;7,5;-3,48;0,0
A753;31/07/2019;00;22,0;22,2;19,2;50;63;49;10,9;12,0;10,9;947,7;948,0;947,1;3,4;136;7,5;-2,85;0,0
A753;31/07/2019;15;28,5;29,2;27,0;31;37;30;9,7;11,1;9,4;948,2;948,9;948,1;1,6;195;4,1;2503,;0,0
A753;31/07/2019;17;30,4;31,1;29,3;19;26;17;4,4;8,2;2,3;946,3;947,4;946,3;3,4;252;7,2;2546,;0,0
A753;31/07/2019;21;23,4;29,1;23,4;38;38;23;8,3;8,3;5,9;945,6;945,6;945,4;0,6;266;2,7;156,5;0,0
A753;31/07/2019;05;16,5;17,9;15,9;73;76;70;11,7;12,5;11,1;947,5;948,1;947,5;1,8;111;4,1;-3,54;0,0
A753;31/07/2019;02;18,1;19,5;17,7;70;70;62;12,6;12,6;11,8;948,3;948,4;948,1;0,9;102;2,9;-3,52;0,0
A753;31/07/2019;04;17,6;18,2;17,0;70;72;67;12,0;12,4;11,5;948,1;948,6;948,1;2,1;82;4,1;-3,54;0,0
A753;31/07/2019;18;30,4;30,8;29,5;22;23;19;6,1;6,4;3,8;945,7;946,3;945,7;2,4;269;6,0;2103,;0,0
A753;31/07/2019;22;20,5;23,4;19,5;47;52;38;8,8;9,4;8,3;946,0;946,0;945,6;1,9;180;2,9;-3,54;0,0
A753;31/07/2019;09;13,4;14,8;13,4;84;84;79;10,7;11,5;10,3;947,2;947,2;946,9;1,4;172;2,7;-3,54;0,0
A753;31/07/2019;10;12,5;14,7;12,5;82;87;80;9,5;11,9;9,5;947,9;948,0;947,2;0,6;139;1,9;6,755;0,0
A753;31/07/2019;03;17,0;19,4;17,0;71;71;65;11,7;12,8;11,7;948,6;948,6;948,3;1,9;100;3,4;-3,53;0,0
A753;31/07/2019;12;21,6;21,6;17,7;57;73;56;12,7;13,0;12,2;949,2;949,2;948,5;1,7;166;3,0;1143,;0,0
A753;31/07/2019;11;17,7;17,7;11,9;72;89;72;12,5;12,7;9,3;948,5;948,5;947,9;1,4;178;2,4;371,3;0,0
A753;31/07/2019;06;16,2;16,9;14,6;75;81;73;11,8;12,6;11,0;946,8;947,5;946,8;1,6;109;3,2;-3,54;0,0
A753;31/07/2019;07;14,5;16,2;14,3;80;81;75;11,1;11,6;10,6;946,8;946,8;946,7;1,7;170;2,4;-3,54;0,0